sample_index,site,patient_id,slice_id,model,is_positive,gt_pixels,pred_pixels,tp,fp,fn,target_sha256,score_height,score_width,dice,iou,sensitivity,precision
0,Singapore,60,0,MedSAM-LoRA,False,0,0,0,0,0,3d6aff2f550e45ca7bf08c1719e9ac3f0bfda23a437d7c60cc407186461df225,1024,1024,1.0,1.0,1.0,1.0
0,Singapore,60,0,U-Net,False,0,0,0,0,0,3d6aff2f550e45ca7bf08c1719e9ac3f0bfda23a437d7c60cc407186461df225,1024,1024,1.0,1.0,1.0,1.0
1,Singapore,60,1,MedSAM-LoRA,False,0,0,0,0,0,3d6aff2f550e45ca7bf08c1719e9ac3f0bfda23a437d7c60cc407186461df225,1024,1024,1.0,1.0,1.0,1.0
1,Singapore,60,1,U-Net,False,0,0,0,0,0,3d6aff2f550e45ca7bf08c1719e9ac3f0bfda23a437d7c60cc407186461df225,1024,1024,1.0,1.0,1.0,1.0
2,Singapore,60,2,MedSAM-LoRA,False,0,0,0,0,0,3d6aff2f550e45ca7bf08c1719e9ac3f0bfda23a437d7c60cc407186461df225,1024,1024,1.0,1.0,1.0,1.0
2,Singapore,60,2,U-Net,False,0,0,0,0,0,3d6aff2f550e45ca7bf08c1719e9ac3f0bfda23a437d7c60cc407186461df225,1024,1024,1.0,1.0,1.0,1.0
3,Singapore,60,3,MedSAM-LoRA,False,0,0,0,0,0,3d6aff2f550e45ca7bf08c1719e9ac3f0bfda23a437d7c60cc407186461df225,1024,1024,1.0,1.0,1.0,1.0
3,Singapore,60,3,U-Net,False,0,0,0,0,0,3d6aff2f550e45ca7bf08c1719e9ac3f0bfda23a437d7c60cc407186461df225,1024,1024,1.0,1.0,1.0,1.0
4,Singapore,60,4,MedSAM-LoRA,False,0,0,0,0,0,3d6aff2f550e45ca7bf08c1719e9ac3f0bfda23a437d7c60cc407186461df225,1024,1024,1.0,1.0,1.0,1.0
4,Singapore,60,4,U-Net,False,0,0,0,0,0,3d6aff2f550e45ca7bf08c1719e9ac3f0bfda23a437d7c60cc407186461df225,1024,1024,1.0,1.0,1.0,1.0
5,Singapore,60,5,MedSAM-LoRA,False,0,0,0,0,0,3d6aff2f550e45ca7bf08c1719e9ac3f0bfda23a437d7c60cc407186461df225,1024,1024,1.0,1.0,1.0,1.0
5,Singapore,60,5,U-Net,False,0,0,0,0,0,3d6aff2f550e45ca7bf08c1719e9ac3f0bfda23a437d7c60cc407186461df225,1024,1024,1.0,1.0,1.0,1.0
6,Singapore,60,6,MedSAM-LoRA,False,0,0,0,0,0,3d6aff2f550e45ca7bf08c1719e9ac3f0bfda23a437d7c60cc407186461df225,1024,1024,1.0,1.0,1.0,1.0
6,Singapore,60,6,U-Net,False,0,0,0,0,0,3d6aff2f550e45ca7bf08c1719e9ac3f0bfda23a437d7c60cc407186461df225,1024,1024,1.0,1.0,1.0,1.0
7,Singapore,60,7,MedSAM-LoRA,False,0,0,0,0,0,3d6aff2f550e45ca7bf08c1719e9ac3f0bfda23a437d7c60cc407186461df225,1024,1024,1.0,1.0,1.0,1.0
7,Singapore,60,7,U-Net,False,0,0,0,0,0,3d6aff2f550e45ca7bf08c1719e9ac3f0bfda23a437d7c60cc407186461df225,1024,1024,1.0,1.0,1.0,1.0
8,Singapore,60,8,MedSAM-LoRA,False,0,0,0,0,0,3d6aff2f550e45ca7bf08c1719e9ac3f0bfda23a437d7c60cc407186461df225,1024,1024,1.0,1.0,1.0,1.0
8,Singapore,60,8,U-Net,False,0,0,0,0,0,3d6aff2f550e45ca7bf08c1719e9ac3f0bfda23a437d7c60cc407186461df225,1024,1024,1.0,1.0,1.0,1.0
9,Singapore,60,9,MedSAM-LoRA,False,0,0,0,0,0,3d6aff2f550e45ca7bf08c1719e9ac3f0bfda23a437d7c60cc407186461df225,1024,1024,1.0,1.0,1.0,1.0
9,Singapore,60,9,U-Net,False,0,0,0,0,0,3d6aff2f550e45ca7bf08c1719e9ac3f0bfda23a437d7c60cc407186461df225,1024,1024,1.0,1.0,1.0,1.0
10,Singapore,60,10,MedSAM-LoRA,True,288,623,288,335,0,0ab7c9c14d79be33a484e450ed69412e181168c8a60febf4c3bc5669f5465a1c,1024,1024,0.6322722283608921,0.46227929382627947,1.0,0.46227929382627947
10,Singapore,60,10,U-Net,True,288,0,0,0,288,0ab7c9c14d79be33a484e450ed69412e181168c8a60febf4c3bc5669f5465a1c,1024,1024,3.472222221016589e-10,3.472222221016589e-10,3.472222221016589e-10,1.0
11,Singapore,60,11,MedSAM-LoRA,True,820,967,698,269,122,c1363d1b0418620a68fb912d85fafb3bc5f850598e66c584210def4964484084,1024,1024,0.7811975377850477,0.6409550046243383,0.8512195122132659,0.7218200620763371
11,Singapore,60,11,U-Net,True,820,0,0,0,820,c1363d1b0418620a68fb912d85fafb3bc5f850598e66c584210def4964484084,1024,1024,1.2195121949732302e-10,1.2195121949732302e-10,1.2195121949732302e-10,1.0
12,Singapore,60,12,MedSAM-LoRA,True,1524,348,327,21,1197,2dc73b2306c696db488ddedb1d12a0ef2c72ca54200c35d4f59758f0c1b088ba,1024,1024,0.3493589743937308,0.21165048548791907,0.21456692918539588,0.9396551724311336
12,Singapore,60,12,U-Net,True,1524,108,108,0,1416,2dc73b2306c696db488ddedb1d12a0ef2c72ca54200c35d4f59758f0c1b088ba,1024,1024,0.13235294122963523,0.07086614179325025,0.07086614179325025,1.0
13,Singapore,60,13,MedSAM-LoRA,True,2420,1477,1470,7,950,4a71a7ab5c3122ba2b95bf830a35ae2f9c7bba5915fbc7af2c8d1ff9ccbdace9,1024,1024,0.7544264819154625,0.6056860321546895,0.6074380165451473,0.9952606635074299
13,Singapore,60,13,U-Net,True,2420,386,353,33,2067,4a71a7ab5c3122ba2b95bf830a35ae2f9c7bba5915fbc7af2c8d1ff9ccbdace9,1024,1024,0.25160370637022084,0.1439054219672277,0.14586776863033607,0.9145077720428736
14,Singapore,60,14,MedSAM-LoRA,True,1344,1708,1317,391,27,b7b125225fdef6ced3e3a742e811beb20094d17f32a97c652f9305f0ffe24252,1024,1024,0.8630406291001624,0.7590778098121569,0.979910714287209,0.7710772833857683
14,Singapore,60,14,U-Net,True,1344,0,0,0,1344,b7b125225fdef6ced3e3a742e811beb20094d17f32a97c652f9305f0ffe24252,1024,1024,7.440476189922583e-11,7.440476189922583e-11,7.440476189922583e-11,1.0
15,Singapore,60,15,MedSAM-LoRA,True,844,738,576,162,268,c0676e5a87ecae005b82021c2c80011788be3ab6ca184c6c49c059613c5edb6c,1024,1024,0.7281921618376617,0.5725646123685323,0.682464455013926,0.780487804907793
15,Singapore,60,15,U-Net,True,844,4,0,4,844,c0676e5a87ecae005b82021c2c80011788be3ab6ca184c6c49c059613c5edb6c,1024,1024,1.179245282879806e-10,1.179245282879806e-10,1.1848341230823657e-10,2.4999999375000013e-08
16,Singapore,60,16,MedSAM-LoRA,False,0,0,0,0,0,3d6aff2f550e45ca7bf08c1719e9ac3f0bfda23a437d7c60cc407186461df225,1024,1024,1.0,1.0,1.0,1.0
16,Singapore,60,16,U-Net,False,0,228,0,228,0,3d6aff2f550e45ca7bf08c1719e9ac3f0bfda23a437d7c60cc407186461df225,1024,1024,4.3859649103570327e-10,4.3859649103570327e-10,1.0,4.3859649103570327e-10
17,Singapore,60,17,MedSAM-LoRA,False,0,0,0,0,0,3d6aff2f550e45ca7bf08c1719e9ac3f0bfda23a437d7c60cc407186461df225,1024,1024,1.0,1.0,1.0,1.0
17,Singapore,60,17,U-Net,False,0,8,0,8,0,3d6aff2f550e45ca7bf08c1719e9ac3f0bfda23a437d7c60cc407186461df225,1024,1024,1.2499999843750002e-08,1.2499999843750002e-08,1.0,1.2499999843750002e-08
18,Singapore,60,18,MedSAM-LoRA,False,0,0,0,0,0,3d6aff2f550e45ca7bf08c1719e9ac3f0bfda23a437d7c60cc407186461df225,1024,1024,1.0,1.0,1.0,1.0
18,Singapore,60,18,U-Net,False,0,0,0,0,0,3d6aff2f550e45ca7bf08c1719e9ac3f0bfda23a437d7c60cc407186461df225,1024,1024,1.0,1.0,1.0,1.0
19,Singapore,60,19,MedSAM-LoRA,False,0,0,0,0,0,3d6aff2f550e45ca7bf08c1719e9ac3f0bfda23a437d7c60cc407186461df225,1024,1024,1.0,1.0,1.0,1.0
19,Singapore,60,19,U-Net,False,0,277,0,277,0,3d6aff2f550e45ca7bf08c1719e9ac3f0bfda23a437d7c60cc407186461df225,1024,1024,3.610108301945809e-10,3.610108301945809e-10,1.0,3.610108301945809e-10
20,Singapore,60,20,MedSAM-LoRA,False,0,0,0,0,0,3d6aff2f550e45ca7bf08c1719e9ac3f0bfda23a437d7c60cc407186461df225,1024,1024,1.0,1.0,1.0,1.0
20,Singapore,60,20,U-Net,False,0,33,0,33,0,3d6aff2f550e45ca7bf08c1719e9ac3f0bfda23a437d7c60cc407186461df225,1024,1024,3.0303030211202937e-09,3.0303030211202937e-09,1.0,3.0303030211202937e-09
21,Singapore,60,21,MedSAM-LoRA,True,480,807,443,364,37,ebac6edd1f584fe51af6efea5bff5c677b2e526cd26f4ea3438ceb37a36d59ee,1024,1024,0.6884226884468979,0.5248815166439714,0.9229166666827257,0.5489467162888543
21,Singapore,60,21,U-Net,True,480,863,344,519,136,ebac6edd1f584fe51af6efea5bff5c677b2e526cd26f4ea3438ceb37a36d59ee,1024,1024,0.5122859270653547,0.3443443444099756,0.7166666667256945,0.3986095018078089
22,Singapore,60,22,MedSAM-LoRA,True,360,391,238,153,122,91d2b4da40c37d84e37627effc387c901cd9314962566f63962fd15e9b85e0fc,1024,1024,0.6338215712871077,0.4639376219368543,0.6611111112052469,0.6086956522739908
22,Singapore,60,22,U-Net,True,360,428,159,269,201,91d2b4da40c37d84e37627effc387c901cd9314962566f63962fd15e9b85e0fc,1024,1024,0.40355329956807706,0.2527821940774591,0.4416666668217592,0.37149532724965056
23,Singapore,60,23,MedSAM-LoRA,True,1488,1263,1001,262,487,470ce111842e3a3dfcc292476e9ab650d799ebf6f860af8fff7624bfd0bf759c,1024,1024,0.72773536896664,0.5720000000244571,0.6727150537854357,0.7925574030251339
23,Singapore,60,23,U-Net,True,1488,2362,1232,1130,256,470ce111842e3a3dfcc292476e9ab650d799ebf6f860af8fff7624bfd0bf759c,1024,1024,0.6400000000093506,0.4705882353143397,0.8279569892588738,0.5215918713157667
24,Singapore,60,24,MedSAM-LoRA,True,4420,4588,3675,913,745,b04f33225fd7184bfa00404801e62f8ad7adb9cf96c9b73d0cb79b1a7b915815,1024,1024,0.815941385437212,0.6891055691038983,0.8314479638047184,0.8010026155230819
24,Singapore,60,24,U-Net,True,4420,5530,3772,1758,648,b04f33225fd7184bfa00404801e62f8ad7adb9cf96c9b73d0cb79b1a7b915815,1024,1024,0.7581909547762995,0.6105535772157566,0.8533936651616879,0.6820976491920054
25,Singapore,60,25,MedSAM-LoRA,True,4832,8176,4365,3811,467,98431d133ac5958146c983eecb724fb8afbb50d1dfd1bd6fde5f37d93b808e94,1024,1024,0.6711254612571408,0.5050329746673026,0.9033526490086227,0.5338796477552118
25,Singapore,60,25,U-Net,True,4832,7305,4617,2688,215,98431d133ac5958146c983eecb724fb8afbb50d1dfd1bd6fde5f37d93b808e94,1024,1024,0.7608140397152442,0.6139627659625803,0.9555049668883381,0.6320328542144827
26,Singapore,60,26,MedSAM-LoRA,True,3800,5130,3308,1822,492,9e93f80329a897922f0b5d7eec0b4f6655d3a20c7d590b589d7204617b3790bb,1024,1024,0.7408734602492623,0.5884027036714976,0.8705263157928809,0.644834307999126
26,Singapore,60,26,U-Net,True,3800,4994,3452,1542,348,9e93f80329a897922f0b5d7eec0b4f6655d3a20c7d590b589d7204617b3790bb,1024,1024,0.7850807368684889,0.6461999251283003,0.9084210526339889,0.6912294753766274
27,Singapore,60,27,MedSAM-LoRA,True,5256,7230,4060,3170,1196,00086db1952946f745155428e23bd8f0994c5708b74ec78719e48f847429eb39,1024,1024,0.650328367774705,0.4818419178793989,0.7724505327288347,0.5615491009742524
27,Singapore,60,27,U-Net,True,5256,7074,4392,2682,864,00086db1952946f745155428e23bd8f0994c5708b74ec78719e48f847429eb39,1024,1024,0.7124087591264201,0.5532879818650379,0.8356164383592919,0.620865139954469
28,Singapore,60,28,MedSAM-LoRA,True,5664,6566,5231,1335,433,b21ea2d3ecd2746af24b7dd44518aaef37698670b3250904306b3fde03eceeb6,1024,1024,0.8554374488973391,0.7473924846442721,0.9235522598883553,0.7966798659793378
28,Singapore,60,28,U-Net,True,5664,8080,5385,2695,279,b21ea2d3ecd2746af24b7dd44518aaef37698670b3250904306b3fde03eceeb6,1024,1024,0.7836146682204336,0.6442158152931664,0.9507415254245984,0.666460396043732
29,Singapore,60,29,MedSAM-LoRA,True,7064,8761,6678,2083,386,e91275c756c5174e360dd8dcb289f5776600727dc31236bad61372e5df47ac52,1024,1024,0.8439810426550144,0.7300754345716619,0.9453567383926196,0.7622417532272315
29,Singapore,60,29,U-Net,True,7064,10251,6902,3349,162,e91275c756c5174e360dd8dcb289f5776600727dc31236bad61372e5df47ac52,1024,1024,0.7972278371366028,0.6628253145139458,0.9770668176673688,0.6733001658406662
30,Singapore,60,30,MedSAM-LoRA,True,8576,8247,7383,864,1193,46b02cde699a5cdce1eb86b36fa6ab5a3f276b3d791f8942bc7e5e8c1363ab89,1024,1024,0.8777269214772768,0.7820974576294268,0.8608908582105772,0.8952346307760974
30,Singapore,60,30,U-Net,True,8576,10335,8168,2167,408,46b02cde699a5cdce1eb86b36fa6ab5a3f276b3d791f8942bc7e5e8c1363ab89,1024,1024,0.8638358627261179,0.7603090384458688,0.952425373134883,0.7903241412695662
31,Singapore,60,31,MedSAM-LoRA,True,9200,10426,8896,1530,304,54971af2d90562da24d27043cb7873bc61b33b55a332ac08029ed326e90de5a3,1024,1024,0.9065525323555154,0.8290773532168773,0.9669565217394896,0.853251486669353
31,Singapore,60,31,U-Net,True,9200,10436,8894,1542,306,54971af2d90562da24d27043cb7873bc61b33b55a332ac08029ed326e90de5a3,1024,1024,0.9058871460587397,0.8279649972088255,0.9667391304351441,0.8522422384069352
32,Singapore,60,32,MedSAM-LoRA,True,11772,12319,11049,1270,723,9ba08c27c9d35aee979b4e4bf02d9f74335fd92d9d265578c1f0df590f93fd4a,1024,1024,0.9172720102946442,0.8471860144161387,0.9385830784918571,0.8969072164956823
32,Singapore,60,32,U-Net,True,11772,14552,11334,3218,438,9ba08c27c9d35aee979b4e4bf02d9f74335fd92d9d265578c1f0df590f93fd4a,1024,1024,0.8611153320169385,0.7561040693812134,0.9627930682979715,0.7788620120960771
33,Singapore,60,33,MedSAM-LoRA,True,14556,13700,12820,880,1736,1c6ddc130f4af2fdab3816e5733aaedd0a8fbda36ac4163ccf804a8530aeafbf,1024,1024,0.9074178935450615,0.8305260430174234,0.8807364660629243,0.9357664233581331
33,Singapore,60,33,U-Net,True,14556,16803,14116,2687,440,1c6ddc130f4af2fdab3816e5733aaedd0a8fbda36ac4163ccf804a8530aeafbf,1024,1024,0.9002838100707922,0.8186510468026524,0.9697719153615707,0.8400880795105631
34,Singapore,60,34,MedSAM-LoRA,True,14556,13312,12779,533,1777,eebecdb28ac300c2ab18541fffb6dca3733efac511acbbbf4dc930bbf4e154ca,1024,1024,0.9171092292237796,0.8469083438276432,0.8779197581761616,0.9599609375003008
34,Singapore,60,34,U-Net,True,14556,14594,13422,1172,1134,eebecdb28ac300c2ab18541fffb6dca3733efac511acbbbf4dc930bbf4e154ca,1024,1024,0.9208919382507001,0.8533825025441673,0.9220939818636844,0.9196930245311793
35,Singapore,60,35,MedSAM-LoRA,True,13896,12878,12442,436,1454,cffa838a016a22f5fbc9a9ee045d8cee2e8c61d61fb6fb49a579950708476197,1024,1024,0.9294091282590221,0.868127267653725,0.8953655728274658,0.9661438111510627
35,Singapore,60,35,U-Net,True,13896,15078,13501,1577,395,cffa838a016a22f5fbc9a9ee045d8cee2e8c61d61fb6fb49a579950708476197,1024,1024,0.9319389797752056,0.8725521876825919,0.9715745538286444,0.8954105319014762
36,Singapore,60,36,MedSAM-LoRA,True,10564,9488,9193,295,1371,98cf57fd011bdc67ed58255d2417952ac2a99e9fa14d845afc03a70578e69087,1024,1024,0.9169160183526984,0.8465788746675884,0.8702196137838866,0.9689080944354036
36,Singapore,60,36,U-Net,True,10564,11765,10172,1593,392,98cf57fd011bdc67ed58255d2417952ac2a99e9fa14d845afc03a70578e69087,1024,1024,0.9111021541497106,0.8367195854253786,0.9628928436201922,0.8645983850415249
37,Singapore,60,37,MedSAM-LoRA,True,6844,6046,5757,289,1087,529aa93577e060e8ce48bba537f3489bb60a15500ad679c6f60ee18608e61e4d,1024,1024,0.8932505818472207,0.807093789432117,0.8411747516095679,0.9521998015224579
37,Singapore,60,37,U-Net,True,6844,8070,6479,1591,365,529aa93577e060e8ce48bba537f3489bb60a15500ad679c6f60ee18608e61e4d,1024,1024,0.8688480622242937,0.7681090693566317,0.946668614845899,0.8028500619603116
38,Singapore,60,38,MedSAM-LoRA,True,2616,1595,1539,56,1077,d02bc0feaca9022752898cef679b08680011431a85367d119647af940acdce62,1024,1024,0.7309427689448837,0.575973053908085,0.5883027523093157,0.9648902821338626
38,Singapore,60,38,U-Net,True,2616,2066,1916,150,700,d02bc0feaca9022752898cef679b08680011431a85367d119647af940acdce62,1024,1024,0.8184536522892256,0.6926970354413342,0.7324159021509016,0.927395934175828
39,Singapore,60,39,MedSAM-LoRA,False,0,0,0,0,0,3d6aff2f550e45ca7bf08c1719e9ac3f0bfda23a437d7c60cc407186461df225,1024,1024,1.0,1.0,1.0,1.0
39,Singapore,60,39,U-Net,False,0,0,0,0,0,3d6aff2f550e45ca7bf08c1719e9ac3f0bfda23a437d7c60cc407186461df225,1024,1024,1.0,1.0,1.0,1.0
40,Singapore,60,40,MedSAM-LoRA,True,72,101,68,33,4,5604b149f4d751ca9cd19dbb3483cee46a8126d012affbe4c20705544b3923fc,1024,1024,0.7861271677536837,0.6476190479546485,0.9444444445216049,0.673267327056171
40,Singapore,60,40,U-Net,True,72,174,56,118,16,5604b149f4d751ca9cd19dbb3483cee46a8126d012affbe4c20705544b3923fc,1024,1024,0.4552845530669575,0.2947368424764543,0.7777777780864198,0.3218390808495178
41,Singapore,60,41,MedSAM-LoRA,False,0,0,0,0,0,3d6aff2f550e45ca7bf08c1719e9ac3f0bfda23a437d7c60cc407186461df225,1024,1024,1.0,1.0,1.0,1.0
41,Singapore,60,41,U-Net,False,0,205,0,205,0,3d6aff2f550e45ca7bf08c1719e9ac3f0bfda23a437d7c60cc407186461df225,1024,1024,4.878048778108268e-10,4.878048778108268e-10,1.0,4.878048778108268e-10
42,Singapore,60,42,MedSAM-LoRA,False,0,0,0,0,0,3d6aff2f550e45ca7bf08c1719e9ac3f0bfda23a437d7c60cc407186461df225,1024,1024,1.0,1.0,1.0,1.0
42,Singapore,60,42,U-Net,False,0,223,0,223,0,3d6aff2f550e45ca7bf08c1719e9ac3f0bfda23a437d7c60cc407186461df225,1024,1024,4.4843049307245266e-10,4.4843049307245266e-10,1.0,4.4843049307245266e-10
43,Singapore,60,43,MedSAM-LoRA,False,0,0,0,0,0,3d6aff2f550e45ca7bf08c1719e9ac3f0bfda23a437d7c60cc407186461df225,1024,1024,1.0,1.0,1.0,1.0
43,Singapore,60,43,U-Net,False,0,1,0,1,0,3d6aff2f550e45ca7bf08c1719e9ac3f0bfda23a437d7c60cc407186461df225,1024,1024,9.999999000000099e-08,9.999999000000099e-08,1.0,9.999999000000099e-08
44,Singapore,60,44,MedSAM-LoRA,False,0,0,0,0,0,3d6aff2f550e45ca7bf08c1719e9ac3f0bfda23a437d7c60cc407186461df225,1024,1024,1.0,1.0,1.0,1.0
44,Singapore,60,44,U-Net,False,0,86,0,86,0,3d6aff2f550e45ca7bf08c1719e9ac3f0bfda23a437d7c60cc407186461df225,1024,1024,1.1627906963223365e-09,1.1627906963223365e-09,1.0,1.1627906963223365e-09
45,Singapore,60,45,MedSAM-LoRA,False,0,0,0,0,0,3d6aff2f550e45ca7bf08c1719e9ac3f0bfda23a437d7c60cc407186461df225,1024,1024,1.0,1.0,1.0,1.0
45,Singapore,60,45,U-Net,False,0,9,0,9,0,3d6aff2f550e45ca7bf08c1719e9ac3f0bfda23a437d7c60cc407186461df225,1024,1024,1.1111110987654323e-08,1.1111110987654323e-08,1.0,1.1111110987654323e-08
46,Singapore,60,46,MedSAM-LoRA,False,0,0,0,0,0,3d6aff2f550e45ca7bf08c1719e9ac3f0bfda23a437d7c60cc407186461df225,1024,1024,1.0,1.0,1.0,1.0
46,Singapore,60,46,U-Net,False,0,0,0,0,0,3d6aff2f550e45ca7bf08c1719e9ac3f0bfda23a437d7c60cc407186461df225,1024,1024,1.0,1.0,1.0,1.0
47,Singapore,60,47,MedSAM-LoRA,False,0,0,0,0,0,3d6aff2f550e45ca7bf08c1719e9ac3f0bfda23a437d7c60cc407186461df225,1024,1024,1.0,1.0,1.0,1.0
47,Singapore,60,47,U-Net,False,0,0,0,0,0,3d6aff2f550e45ca7bf08c1719e9ac3f0bfda23a437d7c60cc407186461df225,1024,1024,1.0,1.0,1.0,1.0
48,Amsterdam,112,0,MedSAM-LoRA,False,0,0,0,0,0,3d6aff2f550e45ca7bf08c1719e9ac3f0bfda23a437d7c60cc407186461df225,1024,1024,1.0,1.0,1.0,1.0
48,Amsterdam,112,0,U-Net,False,0,0,0,0,0,3d6aff2f550e45ca7bf08c1719e9ac3f0bfda23a437d7c60cc407186461df225,1024,1024,1.0,1.0,1.0,1.0
49,Amsterdam,112,1,MedSAM-LoRA,False,0,0,0,0,0,3d6aff2f550e45ca7bf08c1719e9ac3f0bfda23a437d7c60cc407186461df225,1024,1024,1.0,1.0,1.0,1.0
49,Amsterdam,112,1,U-Net,False,0,0,0,0,0,3d6aff2f550e45ca7bf08c1719e9ac3f0bfda23a437d7c60cc407186461df225,1024,1024,1.0,1.0,1.0,1.0
50,Amsterdam,112,2,MedSAM-LoRA,False,0,0,0,0,0,3d6aff2f550e45ca7bf08c1719e9ac3f0bfda23a437d7c60cc407186461df225,1024,1024,1.0,1.0,1.0,1.0
50,Amsterdam,112,2,U-Net,False,0,0,0,0,0,3d6aff2f550e45ca7bf08c1719e9ac3f0bfda23a437d7c60cc407186461df225,1024,1024,1.0,1.0,1.0,1.0
51,Amsterdam,112,3,MedSAM-LoRA,False,0,0,0,0,0,3d6aff2f550e45ca7bf08c1719e9ac3f0bfda23a437d7c60cc407186461df225,1024,1024,1.0,1.0,1.0,1.0
51,Amsterdam,112,3,U-Net,False,0,0,0,0,0,3d6aff2f550e45ca7bf08c1719e9ac3f0bfda23a437d7c60cc407186461df225,1024,1024,1.0,1.0,1.0,1.0
52,Amsterdam,112,4,MedSAM-LoRA,False,0,0,0,0,0,3d6aff2f550e45ca7bf08c1719e9ac3f0bfda23a437d7c60cc407186461df225,1024,1024,1.0,1.0,1.0,1.0
52,Amsterdam,112,4,U-Net,False,0,0,0,0,0,3d6aff2f550e45ca7bf08c1719e9ac3f0bfda23a437d7c60cc407186461df225,1024,1024,1.0,1.0,1.0,1.0
53,Amsterdam,112,5,MedSAM-LoRA,False,0,0,0,0,0,3d6aff2f550e45ca7bf08c1719e9ac3f0bfda23a437d7c60cc407186461df225,1024,1024,1.0,1.0,1.0,1.0
53,Amsterdam,112,5,U-Net,False,0,0,0,0,0,3d6aff2f550e45ca7bf08c1719e9ac3f0bfda23a437d7c60cc407186461df225,1024,1024,1.0,1.0,1.0,1.0
54,Amsterdam,112,6,MedSAM-LoRA,False,0,0,0,0,0,3d6aff2f550e45ca7bf08c1719e9ac3f0bfda23a437d7c60cc407186461df225,1024,1024,1.0,1.0,1.0,1.0
54,Amsterdam,112,6,U-Net,False,0,0,0,0,0,3d6aff2f550e45ca7bf08c1719e9ac3f0bfda23a437d7c60cc407186461df225,1024,1024,1.0,1.0,1.0,1.0
55,Amsterdam,112,7,MedSAM-LoRA,False,0,0,0,0,0,3d6aff2f550e45ca7bf08c1719e9ac3f0bfda23a437d7c60cc407186461df225,1024,1024,1.0,1.0,1.0,1.0
55,Amsterdam,112,7,U-Net,False,0,0,0,0,0,3d6aff2f550e45ca7bf08c1719e9ac3f0bfda23a437d7c60cc407186461df225,1024,1024,1.0,1.0,1.0,1.0
56,Amsterdam,112,8,MedSAM-LoRA,False,0,0,0,0,0,3d6aff2f550e45ca7bf08c1719e9ac3f0bfda23a437d7c60cc407186461df225,1024,1024,1.0,1.0,1.0,1.0
56,Amsterdam,112,8,U-Net,False,0,0,0,0,0,3d6aff2f550e45ca7bf08c1719e9ac3f0bfda23a437d7c60cc407186461df225,1024,1024,1.0,1.0,1.0,1.0
57,Amsterdam,112,9,MedSAM-LoRA,False,0,0,0,0,0,3d6aff2f550e45ca7bf08c1719e9ac3f0bfda23a437d7c60cc407186461df225,1024,1024,1.0,1.0,1.0,1.0
57,Amsterdam,112,9,U-Net,False,0,0,0,0,0,3d6aff2f550e45ca7bf08c1719e9ac3f0bfda23a437d7c60cc407186461df225,1024,1024,1.0,1.0,1.0,1.0
58,Amsterdam,112,10,MedSAM-LoRA,False,0,0,0,0,0,3d6aff2f550e45ca7bf08c1719e9ac3f0bfda23a437d7c60cc407186461df225,1024,1024,1.0,1.0,1.0,1.0
58,Amsterdam,112,10,U-Net,False,0,0,0,0,0,3d6aff2f550e45ca7bf08c1719e9ac3f0bfda23a437d7c60cc407186461df225,1024,1024,1.0,1.0,1.0,1.0
59,Amsterdam,112,11,MedSAM-LoRA,False,0,0,0,0,0,3d6aff2f550e45ca7bf08c1719e9ac3f0bfda23a437d7c60cc407186461df225,1024,1024,1.0,1.0,1.0,1.0
59,Amsterdam,112,11,U-Net,False,0,0,0,0,0,3d6aff2f550e45ca7bf08c1719e9ac3f0bfda23a437d7c60cc407186461df225,1024,1024,1.0,1.0,1.0,1.0
60,Amsterdam,112,12,MedSAM-LoRA,False,0,0,0,0,0,3d6aff2f550e45ca7bf08c1719e9ac3f0bfda23a437d7c60cc407186461df225,1024,1024,1.0,1.0,1.0,1.0
60,Amsterdam,112,12,U-Net,False,0,0,0,0,0,3d6aff2f550e45ca7bf08c1719e9ac3f0bfda23a437d7c60cc407186461df225,1024,1024,1.0,1.0,1.0,1.0
61,Amsterdam,112,13,MedSAM-LoRA,False,0,0,0,0,0,3d6aff2f550e45ca7bf08c1719e9ac3f0bfda23a437d7c60cc407186461df225,1024,1024,1.0,1.0,1.0,1.0
61,Amsterdam,112,13,U-Net,False,0,0,0,0,0,3d6aff2f550e45ca7bf08c1719e9ac3f0bfda23a437d7c60cc407186461df225,1024,1024,1.0,1.0,1.0,1.0
62,Amsterdam,112,14,MedSAM-LoRA,False,0,0,0,0,0,3d6aff2f550e45ca7bf08c1719e9ac3f0bfda23a437d7c60cc407186461df225,1024,1024,1.0,1.0,1.0,1.0
62,Amsterdam,112,14,U-Net,False,0,23,0,23,0,3d6aff2f550e45ca7bf08c1719e9ac3f0bfda23a437d7c60cc407186461df225,1024,1024,4.34782606805293e-09,4.34782606805293e-09,1.0,4.34782606805293e-09
63,Amsterdam,112,15,MedSAM-LoRA,False,0,0,0,0,0,3d6aff2f550e45ca7bf08c1719e9ac3f0bfda23a437d7c60cc407186461df225,1024,1024,1.0,1.0,1.0,1.0
63,Amsterdam,112,15,U-Net,False,0,68,0,68,0,3d6aff2f550e45ca7bf08c1719e9ac3f0bfda23a437d7c60cc407186461df225,1024,1024,1.470588233131488e-09,1.470588233131488e-09,1.0,1.470588233131488e-09
64,Amsterdam,112,16,MedSAM-LoRA,False,0,0,0,0,0,3d6aff2f550e45ca7bf08c1719e9ac3f0bfda23a437d7c60cc407186461df225,1024,1024,1.0,1.0,1.0,1.0
64,Amsterdam,112,16,U-Net,False,0,0,0,0,0,3d6aff2f550e45ca7bf08c1719e9ac3f0bfda23a437d7c60cc407186461df225,1024,1024,1.0,1.0,1.0,1.0
65,Amsterdam,112,17,MedSAM-LoRA,False,0,0,0,0,0,3d6aff2f550e45ca7bf08c1719e9ac3f0bfda23a437d7c60cc407186461df225,1024,1024,1.0,1.0,1.0,1.0
65,Amsterdam,112,17,U-Net,False,0,0,0,0,0,3d6aff2f550e45ca7bf08c1719e9ac3f0bfda23a437d7c60cc407186461df225,1024,1024,1.0,1.0,1.0,1.0
66,Amsterdam,112,18,MedSAM-LoRA,False,0,0,0,0,0,3d6aff2f550e45ca7bf08c1719e9ac3f0bfda23a437d7c60cc407186461df225,1024,1024,1.0,1.0,1.0,1.0
66,Amsterdam,112,18,U-Net,False,0,122,0,122,0,3d6aff2f550e45ca7bf08c1719e9ac3f0bfda23a437d7c60cc407186461df225,1024,1024,8.196721304756786e-10,8.196721304756786e-10,1.0,8.196721304756786e-10
67,Amsterdam,112,19,MedSAM-LoRA,False,0,0,0,0,0,3d6aff2f550e45ca7bf08c1719e9ac3f0bfda23a437d7c60cc407186461df225,1024,1024,1.0,1.0,1.0,1.0
67,Amsterdam,112,19,U-Net,False,0,348,0,348,0,3d6aff2f550e45ca7bf08c1719e9ac3f0bfda23a437d7c60cc407186461df225,1024,1024,2.873563217565068e-10,2.873563217565068e-10,1.0,2.873563217565068e-10
68,Amsterdam,112,20,MedSAM-LoRA,False,0,0,0,0,0,3d6aff2f550e45ca7bf08c1719e9ac3f0bfda23a437d7c60cc407186461df225,1024,1024,1.0,1.0,1.0,1.0
68,Amsterdam,112,20,U-Net,False,0,207,0,207,0,3d6aff2f550e45ca7bf08c1719e9ac3f0bfda23a437d7c60cc407186461df225,1024,1024,4.830917872062359e-10,4.830917872062359e-10,1.0,4.830917872062359e-10
69,Amsterdam,112,21,MedSAM-LoRA,False,0,0,0,0,0,3d6aff2f550e45ca7bf08c1719e9ac3f0bfda23a437d7c60cc407186461df225,1024,1024,1.0,1.0,1.0,1.0
69,Amsterdam,112,21,U-Net,False,0,0,0,0,0,3d6aff2f550e45ca7bf08c1719e9ac3f0bfda23a437d7c60cc407186461df225,1024,1024,1.0,1.0,1.0,1.0
70,Amsterdam,112,22,MedSAM-LoRA,False,0,0,0,0,0,3d6aff2f550e45ca7bf08c1719e9ac3f0bfda23a437d7c60cc407186461df225,1024,1024,1.0,1.0,1.0,1.0
70,Amsterdam,112,22,U-Net,False,0,0,0,0,0,3d6aff2f550e45ca7bf08c1719e9ac3f0bfda23a437d7c60cc407186461df225,1024,1024,1.0,1.0,1.0,1.0
71,Amsterdam,112,23,MedSAM-LoRA,False,0,0,0,0,0,3d6aff2f550e45ca7bf08c1719e9ac3f0bfda23a437d7c60cc407186461df225,1024,1024,1.0,1.0,1.0,1.0
71,Amsterdam,112,23,U-Net,False,0,0,0,0,0,3d6aff2f550e45ca7bf08c1719e9ac3f0bfda23a437d7c60cc407186461df225,1024,1024,1.0,1.0,1.0,1.0
72,Amsterdam,112,24,MedSAM-LoRA,False,0,0,0,0,0,3d6aff2f550e45ca7bf08c1719e9ac3f0bfda23a437d7c60cc407186461df225,1024,1024,1.0,1.0,1.0,1.0
72,Amsterdam,112,24,U-Net,False,0,6,0,6,0,3d6aff2f550e45ca7bf08c1719e9ac3f0bfda23a437d7c60cc407186461df225,1024,1024,1.6666666388888892e-08,1.6666666388888892e-08,1.0,1.6666666388888892e-08
73,Amsterdam,112,25,MedSAM-LoRA,False,0,0,0,0,0,3d6aff2f550e45ca7bf08c1719e9ac3f0bfda23a437d7c60cc407186461df225,1024,1024,1.0,1.0,1.0,1.0
73,Amsterdam,112,25,U-Net,False,0,0,0,0,0,3d6aff2f550e45ca7bf08c1719e9ac3f0bfda23a437d7c60cc407186461df225,1024,1024,1.0,1.0,1.0,1.0
74,Amsterdam,112,26,MedSAM-LoRA,False,0,0,0,0,0,3d6aff2f550e45ca7bf08c1719e9ac3f0bfda23a437d7c60cc407186461df225,1024,1024,1.0,1.0,1.0,1.0
74,Amsterdam,112,26,U-Net,False,0,31,0,31,0,3d6aff2f550e45ca7bf08c1719e9ac3f0bfda23a437d7c60cc407186461df225,1024,1024,3.2258064412070756e-09,3.2258064412070756e-09,1.0,3.2258064412070756e-09
75,Amsterdam,112,27,MedSAM-LoRA,False,0,0,0,0,0,3d6aff2f550e45ca7bf08c1719e9ac3f0bfda23a437d7c60cc407186461df225,1024,1024,1.0,1.0,1.0,1.0
75,Amsterdam,112,27,U-Net,False,0,0,0,0,0,3d6aff2f550e45ca7bf08c1719e9ac3f0bfda23a437d7c60cc407186461df225,1024,1024,1.0,1.0,1.0,1.0
76,Amsterdam,112,28,MedSAM-LoRA,False,0,0,0,0,0,3d6aff2f550e45ca7bf08c1719e9ac3f0bfda23a437d7c60cc407186461df225,1024,1024,1.0,1.0,1.0,1.0
76,Amsterdam,112,28,U-Net,False,0,0,0,0,0,3d6aff2f550e45ca7bf08c1719e9ac3f0bfda23a437d7c60cc407186461df225,1024,1024,1.0,1.0,1.0,1.0
77,Amsterdam,112,29,MedSAM-LoRA,False,0,0,0,0,0,3d6aff2f550e45ca7bf08c1719e9ac3f0bfda23a437d7c60cc407186461df225,1024,1024,1.0,1.0,1.0,1.0
77,Amsterdam,112,29,U-Net,False,0,0,0,0,0,3d6aff2f550e45ca7bf08c1719e9ac3f0bfda23a437d7c60cc407186461df225,1024,1024,1.0,1.0,1.0,1.0
78,Amsterdam,112,30,MedSAM-LoRA,False,0,0,0,0,0,3d6aff2f550e45ca7bf08c1719e9ac3f0bfda23a437d7c60cc407186461df225,1024,1024,1.0,1.0,1.0,1.0
78,Amsterdam,112,30,U-Net,False,0,0,0,0,0,3d6aff2f550e45ca7bf08c1719e9ac3f0bfda23a437d7c60cc407186461df225,1024,1024,1.0,1.0,1.0,1.0
79,Amsterdam,112,31,MedSAM-LoRA,False,0,0,0,0,0,3d6aff2f550e45ca7bf08c1719e9ac3f0bfda23a437d7c60cc407186461df225,1024,1024,1.0,1.0,1.0,1.0
79,Amsterdam,112,31,U-Net,False,0,0,0,0,0,3d6aff2f550e45ca7bf08c1719e9ac3f0bfda23a437d7c60cc407186461df225,1024,1024,1.0,1.0,1.0,1.0
80,Amsterdam,112,32,MedSAM-LoRA,False,0,0,0,0,0,3d6aff2f550e45ca7bf08c1719e9ac3f0bfda23a437d7c60cc407186461df225,1024,1024,1.0,1.0,1.0,1.0
80,Amsterdam,112,32,U-Net,False,0,0,0,0,0,3d6aff2f550e45ca7bf08c1719e9ac3f0bfda23a437d7c60cc407186461df225,1024,1024,1.0,1.0,1.0,1.0
81,Amsterdam,112,33,MedSAM-LoRA,False,0,0,0,0,0,3d6aff2f550e45ca7bf08c1719e9ac3f0bfda23a437d7c60cc407186461df225,1024,1024,1.0,1.0,1.0,1.0
81,Amsterdam,112,33,U-Net,False,0,0,0,0,0,3d6aff2f550e45ca7bf08c1719e9ac3f0bfda23a437d7c60cc407186461df225,1024,1024,1.0,1.0,1.0,1.0
82,Amsterdam,112,34,MedSAM-LoRA,False,0,0,0,0,0,3d6aff2f550e45ca7bf08c1719e9ac3f0bfda23a437d7c60cc407186461df225,1024,1024,1.0,1.0,1.0,1.0
82,Amsterdam,112,34,U-Net,False,0,0,0,0,0,3d6aff2f550e45ca7bf08c1719e9ac3f0bfda23a437d7c60cc407186461df225,1024,1024,1.0,1.0,1.0,1.0
83,Amsterdam,112,35,MedSAM-LoRA,False,0,0,0,0,0,3d6aff2f550e45ca7bf08c1719e9ac3f0bfda23a437d7c60cc407186461df225,1024,1024,1.0,1.0,1.0,1.0
83,Amsterdam,112,35,U-Net,False,0,0,0,0,0,3d6aff2f550e45ca7bf08c1719e9ac3f0bfda23a437d7c60cc407186461df225,1024,1024,1.0,1.0,1.0,1.0
84,Amsterdam,112,36,MedSAM-LoRA,False,0,0,0,0,0,3d6aff2f550e45ca7bf08c1719e9ac3f0bfda23a437d7c60cc407186461df225,1024,1024,1.0,1.0,1.0,1.0
84,Amsterdam,112,36,U-Net,False,0,29,0,29,0,3d6aff2f550e45ca7bf08c1719e9ac3f0bfda23a437d7c60cc407186461df225,1024,1024,3.4482758501783587e-09,3.4482758501783587e-09,1.0,3.4482758501783587e-09
85,Amsterdam,112,37,MedSAM-LoRA,False,0,0,0,0,0,3d6aff2f550e45ca7bf08c1719e9ac3f0bfda23a437d7c60cc407186461df225,1024,1024,1.0,1.0,1.0,1.0
85,Amsterdam,112,37,U-Net,False,0,13,0,13,0,3d6aff2f550e45ca7bf08c1719e9ac3f0bfda23a437d7c60cc407186461df225,1024,1024,7.692307633136095e-09,7.692307633136095e-09,1.0,7.692307633136095e-09
86,Amsterdam,112,38,MedSAM-LoRA,False,0,0,0,0,0,3d6aff2f550e45ca7bf08c1719e9ac3f0bfda23a437d7c60cc407186461df225,1024,1024,1.0,1.0,1.0,1.0
86,Amsterdam,112,38,U-Net,False,0,10,0,10,0,3d6aff2f550e45ca7bf08c1719e9ac3f0bfda23a437d7c60cc407186461df225,1024,1024,9.999999900000002e-09,9.999999900000002e-09,1.0,9.999999900000002e-09
87,Amsterdam,112,39,MedSAM-LoRA,False,0,0,0,0,0,3d6aff2f550e45ca7bf08c1719e9ac3f0bfda23a437d7c60cc407186461df225,1024,1024,1.0,1.0,1.0,1.0
87,Amsterdam,112,39,U-Net,False,0,346,0,346,0,3d6aff2f550e45ca7bf08c1719e9ac3f0bfda23a437d7c60cc407186461df225,1024,1024,2.890173409569314e-10,2.890173409569314e-10,1.0,2.890173409569314e-10
88,Amsterdam,112,40,MedSAM-LoRA,True,288,162,138,24,150,17aef593598aaae460b37ca933741aee5058ae2a98aea394d5b0828d011e31c9,1024,1024,0.6133333334192593,0.4423076924864398,0.4791666668475115,0.8518518519433014
88,Amsterdam,112,40,U-Net,True,288,416,218,198,70,17aef593598aaae460b37ca933741aee5058ae2a98aea394d5b0828d011e31c9,1024,1024,0.619318181872256,0.4485596708953581,0.7569444445288387,0.5240384616528754
89,Amsterdam,112,41,MedSAM-LoRA,True,32,57,30,27,2,b56d28c63b987bc852241c17264ee021038166a55bec9407f8fac6ee95dd8ea1,1024,1024,0.674157303736902,0.5084745771042803,0.9375000001953125,0.5263157903047091
89,Amsterdam,112,41,U-Net,True,32,139,0,139,32,b56d28c63b987bc852241c17264ee021038166a55bec9407f8fac6ee95dd8ea1,1024,1024,5.847953212954413e-10,5.847953212954413e-10,3.1249999902343746e-09,7.194244599140831e-10
90,Amsterdam,112,42,MedSAM-LoRA,False,0,0,0,0,0,3d6aff2f550e45ca7bf08c1719e9ac3f0bfda23a437d7c60cc407186461df225,1024,1024,1.0,1.0,1.0,1.0
90,Amsterdam,112,42,U-Net,False,0,67,0,67,0,3d6aff2f550e45ca7bf08c1719e9ac3f0bfda23a437d7c60cc407186461df225,1024,1024,1.4925373112051683e-09,1.4925373112051683e-09,1.0,1.4925373112051683e-09
91,Amsterdam,112,43,MedSAM-LoRA,True,128,148,113,35,15,a0b9c9e21b0da5126aa394e22ea956908fa0410eeada5a988ff44dcd82544bd9,1024,1024,0.8188405797757823,0.6932515339305205,0.8828125000915528,0.7635135136733017
91,Amsterdam,112,43,U-Net,True,128,335,127,208,1,a0b9c9e21b0da5126aa394e22ea956908fa0410eeada5a988ff44dcd82544bd9,1024,1024,0.5485961124085105,0.37797619066131655,0.9921875000061036,0.3791044777972822
92,Amsterdam,112,44,MedSAM-LoRA,True,224,653,206,447,18,7d522277227cde4bde3dbcfb6e3be774dcf652e0ce4fd7851fffd008dc564062,1024,1024,0.4697833523979723,0.3070044710421752,0.9196428571787308,0.3154670751431138
92,Amsterdam,112,44,U-Net,True,224,576,173,403,51,7d522277227cde4bde3dbcfb6e3be774dcf652e0ce4fd7851fffd008dc564062,1024,1024,0.43250000007093753,0.27591706550623335,0.7723214286730707,0.3003472223436897
93,Amsterdam,112,45,MedSAM-LoRA,True,2088,1733,1545,188,543,20c1f4d38a89d1a5ca39593787fcdc409f24fe1c9d73fa35911e1498895ff72b,1024,1024,0.8086888249199505,0.6788224956204385,0.7399425287480871,0.8915175995446326
93,Amsterdam,112,45,U-Net,True,2088,2938,1911,1027,177,20c1f4d38a89d1a5ca39593787fcdc409f24fe1c9d73fa35911e1498895ff72b,1024,1024,0.7604456824560197,0.613483146079824,0.9152298850615312,0.650442477888004
94,Amsterdam,112,46,MedSAM-LoRA,True,3800,4117,3266,851,534,fc9c02df82a77ad682cbb685e238e6572419ea560d3c42fd17af9ec9ae72d64e,1024,1024,0.8250599974760002,0.7022145775166154,0.8594736842142243,0.7932960893904956
94,Amsterdam,112,46,U-Net,True,3800,4992,3512,1480,288,fc9c02df82a77ad682cbb685e238e6572419ea560d3c42fd17af9ec9ae72d64e,1024,1024,0.7989080982734428,0.665151515157857,0.9242105263177839,0.70352564103158
95,Amsterdam,112,47,MedSAM-LoRA,True,2888,2936,2360,576,528,2a573e56007d7734fb09090e63421ef259358aa8d3e26af0318fd5bbce886822,1024,1024,0.8104395604428153,0.6812933025496162,0.8171745152417875,0.8038147139031399
95,Amsterdam,112,47,U-Net,True,2888,3385,2618,767,270,2a573e56007d7734fb09090e63421ef259358aa8d3e26af0318fd5bbce886822,1024,1024,0.8346883468861042,0.7162790697752044,0.906509695294096,0.7734121122666643
96,Amsterdam,112,48,MedSAM-LoRA,True,3064,2690,2064,626,1000,f83198593ff3d866b02b6ef192d3ce78e3f42e1620f409405b01d95ddca9239a,1024,1024,0.7174139728933365,0.5593495935078767,0.6736292428304951,0.7672862453618109
96,Amsterdam,112,48,U-Net,True,3064,3249,2398,851,666,f83198593ff3d866b02b6ef192d3ce78e3f42e1620f409405b01d95ddca9239a,1024,1024,0.7597022018096039,0.6125159642499995,0.7826370757251098,0.7380732533167721
97,Amsterdam,112,49,MedSAM-LoRA,True,3120,2718,2416,302,704,540880708b1f4ea01cd524f08c5656cd84d86287ed89a9f2fd8b78ad50c43813,1024,1024,0.8276807125757506,0.706019871428813,0.7743589743662065,0.8888888888929769
97,Amsterdam,112,49,U-Net,True,3120,3035,2461,574,659,540880708b1f4ea01cd524f08c5656cd84d86287ed89a9f2fd8b78ad50c43813,1024,1024,0.799675060929331,0.6662154845786081,0.7887820512888211,0.8108731466289663
98,Amsterdam,112,50,MedSAM-LoRA,True,2844,3010,2166,844,678,e97b9b17e4312bed32d6eadd689253afcf0a1bf3ec7c7252f8cb9a68b4dee53b,1024,1024,0.7400068329391868,0.5873101952389558,0.7616033755358086,0.71960132891297
98,Amsterdam,112,50,U-Net,True,2844,3165,2292,873,552,e97b9b17e4312bed32d6eadd689253afcf0a1bf3ec7c7252f8cb9a68b4dee53b,1024,1024,0.7628557164293084,0.6166263115518799,0.8059071730026052,0.724170616122459
99,Amsterdam,112,51,MedSAM-LoRA,True,4416,2856,2620,236,1796,80f1724a36e79e19410659ba828caa4317607d5e524effa49867fd955fb1d4f8,1024,1024,0.7205720572095631,0.5631986242570249,0.5932971014584851,0.9173669467816048
99,Amsterdam,112,51,U-Net,True,4416,3894,3217,677,1199,80f1724a36e79e19410659ba828caa4317607d5e524effa49867fd955fb1d4f8,1024,1024,0.7742478941062063,0.6316512860861643,0.7284873188467281,0.8261427837743671
100,Amsterdam,112,52,MedSAM-LoRA,True,3720,2673,2372,301,1348,68af5e5e26f05d00fc52ae90603a44665e63fce89b3c75936540561526f97b0d,1024,1024,0.7420616299117463,0.58990300921189,0.6376344086118916,0.8873924429522113
100,Amsterdam,112,52,U-Net,True,3720,3250,2742,508,978,68af5e5e26f05d00fc52ae90603a44665e63fce89b3c75936540561526f97b0d,1024,1024,0.7868005738911507,0.6485335856279911,0.7370967742006157,0.8436923076971171
101,Amsterdam,112,53,MedSAM-LoRA,True,4824,3532,3074,458,1750,946f2e04970292408365fe296d902d223f890566eb10447b5877258d2e91b136,1024,1024,0.7357587362405964,0.5819765240518369,0.6372305141037058,0.8703284258247359
101,Amsterdam,112,53,U-Net,True,4824,4471,3627,844,1197,946f2e04970292408365fe296d902d223f890566eb10447b5877258d2e91b136,1024,1024,0.7804195804219427,0.639908256887087,0.7518656716469347,0.8112279132227415
102,Amsterdam,112,54,MedSAM-LoRA,True,4188,3181,2589,592,1599,2bee27353a2cef8e5058e561717eeeec5323d06ffb5d498dbefd8a9b1ff8f796,1024,1024,0.7026733613827837,0.5416317991727692,0.6181948424159934,0.8138950015776832
102,Amsterdam,112,54,U-Net,True,4188,3775,2886,889,1302,2bee27353a2cef8e5058e561717eeeec5323d06ffb5d498dbefd8a9b1ff8f796,1024,1024,0.7248524425502342,0.5684459326458845,0.6891117478584262,0.7645033112645164
103,Amsterdam,112,55,MedSAM-LoRA,True,5208,3982,3465,517,1743,d3d0f15059ea0192636b8a0b115ed93064f7e4a70c552aa0fdc6409046c742c7,1024,1024,0.7540805223095312,0.6052401746793844,0.6653225806515874,0.8701657458596141
103,Amsterdam,112,55,U-Net,True,5208,4878,3948,930,1260,d3d0f15059ea0192636b8a0b115ed93064f7e4a70c552aa0fdc6409046c742c7,1024,1024,0.7828673408706833,0.6432062561152948,0.7580645161336778,0.8093480934848432
104,Amsterdam,112,56,MedSAM-LoRA,True,5484,3851,3672,179,1812,2fd2faf9471d15a861941eed2d2c6012a60772154edb9c677f8e4f9f2c12cd94,1024,1024,0.7867166577419741,0.6484195656074798,0.6695842450826115,0.9535185666072833
104,Amsterdam,112,56,U-Net,True,5484,4137,3884,253,1600,2fd2faf9471d15a861941eed2d2c6012a60772154edb9c677f8e4f9f2c12cd94,1024,1024,0.8074004781227793,0.6770088896692172,0.7082421590133435,0.9388445733638181
105,Amsterdam,112,57,MedSAM-LoRA,True,2972,2720,2121,599,851,30ea16b88bd12c7955ac87195b9810fe12cb273223e23e81b6192a54e172511c,1024,1024,0.7452565003558458,0.5939512741642691,0.7136608344645471,0.7797794117728022
105,Amsterdam,112,57,U-Net,True,2972,2842,2007,835,965,30ea16b88bd12c7955ac87195b9810fe12cb273223e23e81b6192a54e172511c,1024,1024,0.6904024767855108,0.527186761241734,0.6753028263904677,0.7061928219667069
106,Amsterdam,112,58,MedSAM-LoRA,True,336,533,265,268,71,f5e3624ba32277b427c0a4f9d262573bfcb170a9d5228dbc60949f60a55813eb,1024,1024,0.6098964327261339,0.43874172194722827,0.788690476253366,0.4971857411825168
106,Amsterdam,112,58,U-Net,True,336,533,241,292,95,f5e3624ba32277b427c0a4f9d262573bfcb170a9d5228dbc60949f60a55813eb,1024,1024,0.5546605293953211,0.3837579618815672,0.7172619048460529,0.4521575986018466
107,Amsterdam,112,59,MedSAM-LoRA,True,640,797,532,265,108,ba86f99b54936a5e5e024cc9817b39c0b8bc74bfb9fc06a5bbcd53b13718407d,1024,1024,0.7404314544369915,0.5878453039129452,0.8312500000263672,0.6675031368045793
107,Amsterdam,112,59,U-Net,True,640,744,483,261,157,ba86f99b54936a5e5e024cc9817b39c0b8bc74bfb9fc06a5bbcd53b13718407d,1024,1024,0.6979768786345392,0.5360710322379499,0.7546875000383302,0.6491935484342483
108,Amsterdam,112,60,MedSAM-LoRA,False,0,0,0,0,0,3d6aff2f550e45ca7bf08c1719e9ac3f0bfda23a437d7c60cc407186461df225,1024,1024,1.0,1.0,1.0,1.0
108,Amsterdam,112,60,U-Net,False,0,0,0,0,0,3d6aff2f550e45ca7bf08c1719e9ac3f0bfda23a437d7c60cc407186461df225,1024,1024,1.0,1.0,1.0,1.0
109,Amsterdam,112,61,MedSAM-LoRA,False,0,0,0,0,0,3d6aff2f550e45ca7bf08c1719e9ac3f0bfda23a437d7c60cc407186461df225,1024,1024,1.0,1.0,1.0,1.0
109,Amsterdam,112,61,U-Net,False,0,0,0,0,0,3d6aff2f550e45ca7bf08c1719e9ac3f0bfda23a437d7c60cc407186461df225,1024,1024,1.0,1.0,1.0,1.0
110,Amsterdam,112,62,MedSAM-LoRA,True,32,51,30,21,2,e4be989833399123a088e590baf096bc4ccbe84ff258cadc79e32bb6f9cd8f0c,1024,1024,0.7228915665989258,0.5660377366678533,0.9375000001953125,0.5882352949250288
110,Amsterdam,112,62,U-Net,True,32,0,0,0,32,e4be989833399123a088e590baf096bc4ccbe84ff258cadc79e32bb6f9cd8f0c,1024,1024,3.1249999902343746e-09,3.1249999902343746e-09,3.1249999902343746e-09,1.0
111,Amsterdam,112,63,MedSAM-LoRA,True,128,103,82,21,46,1d44245a82ee532bb8722072bc34c436af820710c64833401abb1c65c5b4b7f0,1024,1024,0.7099567100822698,0.5503355707715869,0.6406250002807617,0.796116505052314
111,Amsterdam,112,63,U-Net,True,128,190,119,71,9,1d44245a82ee532bb8722072bc34c436af820710c64833401abb1c65c5b4b7f0,1024,1024,0.7484276730350856,0.5979899499507588,0.9296875000549316,0.6263157896703601
112,Amsterdam,112,64,MedSAM-LoRA,True,468,329,320,9,148,a1c9c883651bd2f0e2028fa820b460e49f8461200ced3595b90f5353d3afc726,1024,1024,0.8030112923710149,0.6708595388530693,0.6837606838282563,0.9726443769080109
112,Amsterdam,112,64,U-Net,True,468,440,401,39,67,a1c9c883651bd2f0e2028fa820b460e49f8461200ced3595b90f5353d3afc726,1024,1024,0.8832599119071299,0.7909270217374897,0.8568376068681971,0.911363636383781
113,Amsterdam,112,65,MedSAM-LoRA,False,0,0,0,0,0,3d6aff2f550e45ca7bf08c1719e9ac3f0bfda23a437d7c60cc407186461df225,1024,1024,1.0,1.0,1.0,1.0
113,Amsterdam,112,65,U-Net,False,0,0,0,0,0,3d6aff2f550e45ca7bf08c1719e9ac3f0bfda23a437d7c60cc407186461df225,1024,1024,1.0,1.0,1.0,1.0
114,Amsterdam,112,66,MedSAM-LoRA,False,0,0,0,0,0,3d6aff2f550e45ca7bf08c1719e9ac3f0bfda23a437d7c60cc407186461df225,1024,1024,1.0,1.0,1.0,1.0
114,Amsterdam,112,66,U-Net,False,0,0,0,0,0,3d6aff2f550e45ca7bf08c1719e9ac3f0bfda23a437d7c60cc407186461df225,1024,1024,1.0,1.0,1.0,1.0
115,Amsterdam,112,67,MedSAM-LoRA,False,0,0,0,0,0,3d6aff2f550e45ca7bf08c1719e9ac3f0bfda23a437d7c60cc407186461df225,1024,1024,1.0,1.0,1.0,1.0
115,Amsterdam,112,67,U-Net,False,0,0,0,0,0,3d6aff2f550e45ca7bf08c1719e9ac3f0bfda23a437d7c60cc407186461df225,1024,1024,1.0,1.0,1.0,1.0
116,Amsterdam,112,68,MedSAM-LoRA,False,0,0,0,0,0,3d6aff2f550e45ca7bf08c1719e9ac3f0bfda23a437d7c60cc407186461df225,1024,1024,1.0,1.0,1.0,1.0
116,Amsterdam,112,68,U-Net,False,0,0,0,0,0,3d6aff2f550e45ca7bf08c1719e9ac3f0bfda23a437d7c60cc407186461df225,1024,1024,1.0,1.0,1.0,1.0
117,Amsterdam,112,69,MedSAM-LoRA,False,0,0,0,0,0,3d6aff2f550e45ca7bf08c1719e9ac3f0bfda23a437d7c60cc407186461df225,1024,1024,1.0,1.0,1.0,1.0
117,Amsterdam,112,69,U-Net,False,0,0,0,0,0,3d6aff2f550e45ca7bf08c1719e9ac3f0bfda23a437d7c60cc407186461df225,1024,1024,1.0,1.0,1.0,1.0
118,Amsterdam,112,70,MedSAM-LoRA,False,0,0,0,0,0,3d6aff2f550e45ca7bf08c1719e9ac3f0bfda23a437d7c60cc407186461df225,1024,1024,1.0,1.0,1.0,1.0
118,Amsterdam,112,70,U-Net,False,0,0,0,0,0,3d6aff2f550e45ca7bf08c1719e9ac3f0bfda23a437d7c60cc407186461df225,1024,1024,1.0,1.0,1.0,1.0
119,Amsterdam,112,71,MedSAM-LoRA,False,0,0,0,0,0,3d6aff2f550e45ca7bf08c1719e9ac3f0bfda23a437d7c60cc407186461df225,1024,1024,1.0,1.0,1.0,1.0
119,Amsterdam,112,71,U-Net,False,0,0,0,0,0,3d6aff2f550e45ca7bf08c1719e9ac3f0bfda23a437d7c60cc407186461df225,1024,1024,1.0,1.0,1.0,1.0
120,Amsterdam,112,72,MedSAM-LoRA,False,0,0,0,0,0,3d6aff2f550e45ca7bf08c1719e9ac3f0bfda23a437d7c60cc407186461df225,1024,1024,1.0,1.0,1.0,1.0
120,Amsterdam,112,72,U-Net,False,0,0,0,0,0,3d6aff2f550e45ca7bf08c1719e9ac3f0bfda23a437d7c60cc407186461df225,1024,1024,1.0,1.0,1.0,1.0
121,Amsterdam,112,73,MedSAM-LoRA,False,0,0,0,0,0,3d6aff2f550e45ca7bf08c1719e9ac3f0bfda23a437d7c60cc407186461df225,1024,1024,1.0,1.0,1.0,1.0
121,Amsterdam,112,73,U-Net,False,0,0,0,0,0,3d6aff2f550e45ca7bf08c1719e9ac3f0bfda23a437d7c60cc407186461df225,1024,1024,1.0,1.0,1.0,1.0
122,Amsterdam,112,74,MedSAM-LoRA,False,0,0,0,0,0,3d6aff2f550e45ca7bf08c1719e9ac3f0bfda23a437d7c60cc407186461df225,1024,1024,1.0,1.0,1.0,1.0
122,Amsterdam,112,74,U-Net,False,0,70,0,70,0,3d6aff2f550e45ca7bf08c1719e9ac3f0bfda23a437d7c60cc407186461df225,1024,1024,1.4285714265306123e-09,1.4285714265306123e-09,1.0,1.4285714265306123e-09
123,Amsterdam,112,75,MedSAM-LoRA,False,0,0,0,0,0,3d6aff2f550e45ca7bf08c1719e9ac3f0bfda23a437d7c60cc407186461df225,1024,1024,1.0,1.0,1.0,1.0
123,Amsterdam,112,75,U-Net,False,0,230,0,230,0,3d6aff2f550e45ca7bf08c1719e9ac3f0bfda23a437d7c60cc407186461df225,1024,1024,4.3478260850661626e-10,4.3478260850661626e-10,1.0,4.3478260850661626e-10
124,Amsterdam,112,76,MedSAM-LoRA,False,0,0,0,0,0,3d6aff2f550e45ca7bf08c1719e9ac3f0bfda23a437d7c60cc407186461df225,1024,1024,1.0,1.0,1.0,1.0
124,Amsterdam,112,76,U-Net,False,0,37,0,37,0,3d6aff2f550e45ca7bf08c1719e9ac3f0bfda23a437d7c60cc407186461df225,1024,1024,2.7027026953981004e-09,2.7027026953981004e-09,1.0,2.7027026953981004e-09
125,Amsterdam,112,77,MedSAM-LoRA,False,0,0,0,0,0,3d6aff2f550e45ca7bf08c1719e9ac3f0bfda23a437d7c60cc407186461df225,1024,1024,1.0,1.0,1.0,1.0
125,Amsterdam,112,77,U-Net,False,0,344,0,344,0,3d6aff2f550e45ca7bf08c1719e9ac3f0bfda23a437d7c60cc407186461df225,1024,1024,2.9069767433409947e-10,2.9069767433409947e-10,1.0,2.9069767433409947e-10
126,Amsterdam,112,78,MedSAM-LoRA,False,0,0,0,0,0,3d6aff2f550e45ca7bf08c1719e9ac3f0bfda23a437d7c60cc407186461df225,1024,1024,1.0,1.0,1.0,1.0
126,Amsterdam,112,78,U-Net,False,0,236,0,236,0,3d6aff2f550e45ca7bf08c1719e9ac3f0bfda23a437d7c60cc407186461df225,1024,1024,4.2372881337977594e-10,4.2372881337977594e-10,1.0,4.2372881337977594e-10
127,Amsterdam,112,79,MedSAM-LoRA,False,0,0,0,0,0,3d6aff2f550e45ca7bf08c1719e9ac3f0bfda23a437d7c60cc407186461df225,1024,1024,1.0,1.0,1.0,1.0
127,Amsterdam,112,79,U-Net,False,0,351,0,351,0,3d6aff2f550e45ca7bf08c1719e9ac3f0bfda23a437d7c60cc407186461df225,1024,1024,2.849002848191167e-10,2.849002848191167e-10,1.0,2.849002848191167e-10
128,Amsterdam,112,80,MedSAM-LoRA,False,0,0,0,0,0,3d6aff2f550e45ca7bf08c1719e9ac3f0bfda23a437d7c60cc407186461df225,1024,1024,1.0,1.0,1.0,1.0
128,Amsterdam,112,80,U-Net,False,0,112,0,112,0,3d6aff2f550e45ca7bf08c1719e9ac3f0bfda23a437d7c60cc407186461df225,1024,1024,8.92857142059949e-10,8.92857142059949e-10,1.0,8.92857142059949e-10
129,Amsterdam,112,81,MedSAM-LoRA,False,0,0,0,0,0,3d6aff2f550e45ca7bf08c1719e9ac3f0bfda23a437d7c60cc407186461df225,1024,1024,1.0,1.0,1.0,1.0
129,Amsterdam,112,81,U-Net,False,0,104,0,104,0,3d6aff2f550e45ca7bf08c1719e9ac3f0bfda23a437d7c60cc407186461df225,1024,1024,9.615384606139053e-10,9.615384606139053e-10,1.0,9.615384606139053e-10
130,Amsterdam,112,82,MedSAM-LoRA,False,0,0,0,0,0,3d6aff2f550e45ca7bf08c1719e9ac3f0bfda23a437d7c60cc407186461df225,1024,1024,1.0,1.0,1.0,1.0
130,Amsterdam,112,82,U-Net,False,0,0,0,0,0,3d6aff2f550e45ca7bf08c1719e9ac3f0bfda23a437d7c60cc407186461df225,1024,1024,1.0,1.0,1.0,1.0
131,Utrecht,49,0,MedSAM-LoRA,False,0,0,0,0,0,3d6aff2f550e45ca7bf08c1719e9ac3f0bfda23a437d7c60cc407186461df225,1024,1024,1.0,1.0,1.0,1.0
131,Utrecht,49,0,U-Net,False,0,0,0,0,0,3d6aff2f550e45ca7bf08c1719e9ac3f0bfda23a437d7c60cc407186461df225,1024,1024,1.0,1.0,1.0,1.0
132,Utrecht,49,1,MedSAM-LoRA,False,0,0,0,0,0,3d6aff2f550e45ca7bf08c1719e9ac3f0bfda23a437d7c60cc407186461df225,1024,1024,1.0,1.0,1.0,1.0
132,Utrecht,49,1,U-Net,False,0,0,0,0,0,3d6aff2f550e45ca7bf08c1719e9ac3f0bfda23a437d7c60cc407186461df225,1024,1024,1.0,1.0,1.0,1.0
133,Utrecht,49,2,MedSAM-LoRA,False,0,0,0,0,0,3d6aff2f550e45ca7bf08c1719e9ac3f0bfda23a437d7c60cc407186461df225,1024,1024,1.0,1.0,1.0,1.0
133,Utrecht,49,2,U-Net,False,0,0,0,0,0,3d6aff2f550e45ca7bf08c1719e9ac3f0bfda23a437d7c60cc407186461df225,1024,1024,1.0,1.0,1.0,1.0
134,Utrecht,49,3,MedSAM-LoRA,False,0,0,0,0,0,3d6aff2f550e45ca7bf08c1719e9ac3f0bfda23a437d7c60cc407186461df225,1024,1024,1.0,1.0,1.0,1.0
134,Utrecht,49,3,U-Net,False,0,0,0,0,0,3d6aff2f550e45ca7bf08c1719e9ac3f0bfda23a437d7c60cc407186461df225,1024,1024,1.0,1.0,1.0,1.0
135,Utrecht,49,4,MedSAM-LoRA,False,0,0,0,0,0,3d6aff2f550e45ca7bf08c1719e9ac3f0bfda23a437d7c60cc407186461df225,1024,1024,1.0,1.0,1.0,1.0
135,Utrecht,49,4,U-Net,False,0,0,0,0,0,3d6aff2f550e45ca7bf08c1719e9ac3f0bfda23a437d7c60cc407186461df225,1024,1024,1.0,1.0,1.0,1.0
136,Utrecht,49,5,MedSAM-LoRA,False,0,0,0,0,0,3d6aff2f550e45ca7bf08c1719e9ac3f0bfda23a437d7c60cc407186461df225,1024,1024,1.0,1.0,1.0,1.0
136,Utrecht,49,5,U-Net,False,0,0,0,0,0,3d6aff2f550e45ca7bf08c1719e9ac3f0bfda23a437d7c60cc407186461df225,1024,1024,1.0,1.0,1.0,1.0
137,Utrecht,49,6,MedSAM-LoRA,False,0,0,0,0,0,3d6aff2f550e45ca7bf08c1719e9ac3f0bfda23a437d7c60cc407186461df225,1024,1024,1.0,1.0,1.0,1.0
137,Utrecht,49,6,U-Net,False,0,70,0,70,0,3d6aff2f550e45ca7bf08c1719e9ac3f0bfda23a437d7c60cc407186461df225,1024,1024,1.4285714265306123e-09,1.4285714265306123e-09,1.0,1.4285714265306123e-09
138,Utrecht,49,7,MedSAM-LoRA,False,0,0,0,0,0,3d6aff2f550e45ca7bf08c1719e9ac3f0bfda23a437d7c60cc407186461df225,1024,1024,1.0,1.0,1.0,1.0
138,Utrecht,49,7,U-Net,False,0,28,0,28,0,3d6aff2f550e45ca7bf08c1719e9ac3f0bfda23a437d7c60cc407186461df225,1024,1024,3.571428558673469e-09,3.571428558673469e-09,1.0,3.571428558673469e-09
139,Utrecht,49,8,MedSAM-LoRA,False,0,0,0,0,0,3d6aff2f550e45ca7bf08c1719e9ac3f0bfda23a437d7c60cc407186461df225,1024,1024,1.0,1.0,1.0,1.0
139,Utrecht,49,8,U-Net,False,0,0,0,0,0,3d6aff2f550e45ca7bf08c1719e9ac3f0bfda23a437d7c60cc407186461df225,1024,1024,1.0,1.0,1.0,1.0
140,Utrecht,49,9,MedSAM-LoRA,False,0,0,0,0,0,3d6aff2f550e45ca7bf08c1719e9ac3f0bfda23a437d7c60cc407186461df225,1024,1024,1.0,1.0,1.0,1.0
140,Utrecht,49,9,U-Net,False,0,0,0,0,0,3d6aff2f550e45ca7bf08c1719e9ac3f0bfda23a437d7c60cc407186461df225,1024,1024,1.0,1.0,1.0,1.0
141,Utrecht,49,10,MedSAM-LoRA,True,605,462,271,191,334,900b07af32836eb44e4e96a7efeca3ecfa08825492ea55c69e498abc79b27903,1024,1024,0.5079662605896939,0.34045226138939044,0.4479338843887713,0.5865800866695714
141,Utrecht,49,10,U-Net,True,605,216,82,134,523,900b07af32836eb44e4e96a7efeca3ecfa08825492ea55c69e498abc79b27903,1024,1024,0.1997563947381539,0.11096075790108785,0.13553719022553104,0.37962962991683813
142,Utrecht,49,11,MedSAM-LoRA,True,437,971,368,603,69,162ce0d5a08970d36facb497c43c7345d45e40b6334a7422f1ded75735ada6a6,1024,1024,0.5227272727611699,0.353846153908284,0.8421052631940262,0.37899073126889904
142,Utrecht,49,11,U-Net,True,437,134,58,76,379,162ce0d5a08970d36facb497c43c7345d45e40b6334a7422f1ded75735ada6a6,1024,1024,0.2031523644127579,0.11306042902279524,0.13272311232660797,0.4328358213187793
143,Utrecht,49,12,MedSAM-LoRA,True,1274,905,739,166,535,bf7de9b4403867e8b57e27e69734dafa097ed2afd59e1f7213f6bb17e0624cd0,1024,1024,0.6782927948747915,0.5131944444782504,0.5800627943814707,0.8165745856556271
143,Utrecht,49,12,U-Net,True,1274,1044,61,983,1213,bf7de9b4403867e8b57e27e69734dafa097ed2afd59e1f7213f6bb17e0624cd0,1024,1024,0.0526315789882385,0.027027027070136156,0.04788069081256823,0.05842911886413514
144,Utrecht,49,13,MedSAM-LoRA,True,1682,835,529,306,1153,64d9cd604e4e906f605e5aa45c5b8f0f968b070f005b8008a1f8520c56365f6e,1024,1024,0.4203416766221557,0.2660965795137778,0.3145065398742861,0.6335329341756247
144,Utrecht,49,13,U-Net,True,1682,70,69,1,1613,64d9cd604e4e906f605e5aa45c5b8f0f968b070f005b8008a1f8520c56365f6e,1024,1024,0.07876712334025301,0.04099821752578738,0.04102259220921387,0.9857142857346939
145,Utrecht,49,14,MedSAM-LoRA,True,698,584,408,176,290,a59e8e6b7f0415dabb27589df58853bf9a3992590b19c4d9b801fdff057e9328,1024,1024,0.6365054602467624,0.4668192220289681,0.5845272206898958,0.6986301370379059
145,Utrecht,49,14,U-Net,True,698,81,45,36,653,a59e8e6b7f0415dabb27589df58853bf9a3992590b19c4d9b801fdff057e9328,1024,1024,0.11553273438824997,0.06130790203524416,0.06446991417414472,0.5555555561042524
146,Utrecht,49,15,MedSAM-LoRA,True,1599,1903,1379,524,220,40630ca8a98f92187b2e15ac1d6f9ba0a9511d994d2b2b320a2f99017a8b2cad,1024,1024,0.7875499714509552,0.6495525200353486,0.8624140087640767,0.7246452969141016
146,Utrecht,49,15,U-Net,True,1599,1474,1131,343,468,40630ca8a98f92187b2e15ac1d6f9ba0a9511d994d2b2b320a2f99017a8b2cad,1024,1024,0.7360885128624768,0.5823892894138831,0.7073170731890358,0.7672998643305767
147,Utrecht,49,16,MedSAM-LoRA,True,3981,3903,3332,571,649,7891103d6008438a00cea6a48ce35b61c3fdbc0dcf1580434f069b6b24b31dca,1024,1024,0.8452562151211915,0.7319859402519335,0.8369756342668431,0.8537022803009556
147,Utrecht,49,16,U-Net,True,3981,5436,3491,1945,490,7891103d6008438a00cea6a48ce35b61c3fdbc0dcf1580434f069b6b24b31dca,1024,1024,0.7414250823007175,0.5890988862708556,0.8769153479056289,0.6422001471736166
148,Utrecht,49,17,MedSAM-LoRA,True,3956,3971,3173,798,783,2e1777d6b88d7f3475b298f17d8e5afd89e52a095fb3211a0fc8658019946abe,1024,1024,0.8005550649703475,0.6674379469990022,0.8020728008139011,0.7990430622060175
148,Utrecht,49,17,U-Net,True,3956,4536,3186,1350,770,2e1777d6b88d7f3475b298f17d8e5afd89e52a095fb3211a0fc8658019946abe,1024,1024,0.7503532736722756,0.6004523181379485,0.8053589484376805,0.7023809523875136
149,Utrecht,49,18,MedSAM-LoRA,True,4407,4628,3687,941,720,7a71b62b3d9923f91e0c066f514331a9e2e15ece3feccd7f2b4cac4684885eef,1024,1024,0.8161593801901919,0.6894166043438777,0.8366235534414199,0.796672428699294
149,Utrecht,49,18,U-Net,True,4407,4644,3381,1263,1026,7a71b62b3d9923f91e0c066f514331a9e2e15ece3feccd7f2b4cac4684885eef,1024,1024,0.7470997679842326,0.5962962963034163,0.7671885636540234,0.7280361757164505
150,Utrecht,49,19,MedSAM-LoRA,True,4163,4229,3514,715,649,2fda786b226e46de2348fcc97eeb4b6040f5607cbc01007bf0e6d7aa055c032f,1024,1024,0.8374642516701922,0.72037720377777,0.8441028104769612,0.8309292977103114
150,Utrecht,49,19,U-Net,True,4163,4970,3527,1443,636,2fda786b226e46de2348fcc97eeb4b6040f5607cbc01007bf0e6d7aa055c032f,1024,1024,0.7723639548913569,0.6291473421400438,0.8472255584951424,0.7096579476919586
151,Utrecht,49,20,MedSAM-LoRA,True,5561,6191,4836,1355,725,77c1f198d80bb584d55a4fa05087da0814400e5d99a1e33f04e6571c8015995c,1024,1024,0.8230088495590282,0.6992481203051005,0.8696277647928498,0.7811339040578076
151,Utrecht,49,20,U-Net,True,5561,6476,4765,1711,796,77c1f198d80bb584d55a4fa05087da0814400e5d99a1e33f04e6571c8015995c,1024,1024,0.7917255130033087,0.655253025307271,0.8568602769311839,0.7357936998187802
152,Utrecht,49,21,MedSAM-LoRA,True,8335,7739,6719,1020,1616,32854d3ff172d3ac66400cf1e967aef3ef7487b16d12fa6375808bab3164e076,1024,1024,0.8360084608695035,0.7182255478383941,0.8061187762470771,0.8682000258448352
152,Utrecht,49,21,U-Net,True,8335,8513,6831,1682,1504,32854d3ff172d3ac66400cf1e967aef3ef7487b16d12fa6375808bab3164e076,1024,1024,0.8108974358985583,0.6819407008118005,0.8195560887844083,0.8024198284999128
153,Utrecht,49,22,MedSAM-LoRA,True,13109,12007,11005,1002,2104,45803b721e5ebf4b2cfabaebbee4c143f462c0393fc20ebc0e4045ea6e994cce,1024,1024,0.8763338111169122,0.7798880306159741,0.8394995804421428,0.9165486799373986
153,Utrecht,49,22,U-Net,True,13109,13962,11530,2432,1579,45803b721e5ebf4b2cfabaebbee4c143f462c0393fc20ebc0e4045ea6e994cce,1024,1024,0.8518340659752066,0.7419085000981797,0.8795484018622355,0.8258129207862354
154,Utrecht,49,23,MedSAM-LoRA,True,12369,12036,10734,1302,1635,ff0174b0c27ac6c8524132bb59fb74d35da15562a71fcb771f3a5c4d253e8b65,1024,1024,0.8796558082365104,0.7851656791764673,0.8678146980364798,0.8918245264216366
154,Utrecht,49,23,U-Net,True,12369,15183,11542,3641,827,ff0174b0c27ac6c8524132bb59fb74d35da15562a71fcb771f3a5c4d253e8b65,1024,1024,0.8378339140540149,0.7209244222378456,0.9331392998631002,0.7601923203598749
155,Utrecht,49,24,MedSAM-LoRA,True,16083,13841,12433,1408,3650,bb42ff57416995b19d759f1bc91283792e987df735fb9bffcd17b724aee63e3a,1024,1024,0.8309717952151083,0.710822708823333,0.7730522912406078,0.8982732461534696
155,Utrecht,49,24,U-Net,True,16083,15715,13091,2624,2992,bb42ff57416995b19d759f1bc91283792e987df735fb9bffcd17b724aee63e3a,1024,1024,0.8233851185614712,0.6997915218918064,0.813965056271753,0.8330257715569009
156,Utrecht,49,25,MedSAM-LoRA,True,14529,12741,10780,1961,3749,fd0625c9cd461c08b0e8c1959dd45543a398c477a251b43417bde5d6ab766b87,1024,1024,0.7906123945735585,0.6537295330524334,0.7419643471695095,0.8460874342685339
156,Utrecht,49,25,U-Net,True,14529,15439,12164,3275,2365,fd0625c9cd461c08b0e8c1959dd45543a398c477a251b43417bde5d6ab766b87,1024,1024,0.8117992525366664,0.6832172545513188,0.8372221075102401,0.7878748623629259
157,Utrecht,49,26,MedSAM-LoRA,True,18207,14440,12850,1590,5357,ef73cae8cd068923ec92723b5ee632e605b239ac3aafce2062595b33052daeeb,1024,1024,0.787208625601779,0.6490882456955646,0.7057725050820796,0.8898891966766628
157,Utrecht,49,26,U-Net,True,18207,18241,14181,4060,4026,ef73cae8cd068923ec92723b5ee632e605b239ac3aafce2062595b33052daeeb,1024,1024,0.7781496927135148,0.6368617236285227,0.7788762563861215,0.7774244833080565
158,Utrecht,49,27,MedSAM-LoRA,True,19371,16359,14530,1829,4841,e76c9c89bf35f62938908b2439b5fee2dc8b320a6e4bf3c6815336c912307260,1024,1024,0.8133221382596885,0.6853773584920502,0.7500903412330283,0.8881961000067963
158,Utrecht,49,27,U-Net,True,19371,21588,16824,4764,2547,e76c9c89bf35f62938908b2439b5fee2dc8b320a6e4bf3c6815336c912307260,1024,1024,0.8215044312609646,0.6970789310143067,0.8685147901509034,0.7793218454707276
159,Utrecht,49,28,MedSAM-LoRA,True,19573,16080,14617,1463,4956,3a9a3cbe214ef91aece4e47c240059b094ba9fdc57b30cd3937ea8fb218a8b04,1024,1024,0.8199590497298406,0.6948564365863527,0.746794053033532,0.9090174129358892
159,Utrecht,49,28,U-Net,True,19573,18718,15321,3397,4252,3a9a3cbe214ef91aece4e47c240059b094ba9fdc57b30cd3937ea8fb218a8b04,1024,1024,0.8002402653370237,0.6670004353519069,0.7827619680182764,0.8185169355710091
160,Utrecht,49,29,MedSAM-LoRA,True,12555,13532,10820,2712,1735,838bb5bc18b561213230f704c01446258aa843906ce9d414318ea7e193b02f44,1024,1024,0.8295319507807355,0.7087181502606359,0.8618080446048443,0.7995861661262224
160,Utrecht,49,29,U-Net,True,12555,14158,10659,3499,1896,838bb5bc18b561213230f704c01446258aa843906ce9d414318ea7e193b02f44,1024,1024,0.7980384082663945,0.6639466799572447,0.8489844683405099,0.75286057352908
161,Utrecht,49,30,MedSAM-LoRA,True,7460,7343,5979,1364,1481,650425a2892c96ed26f0d71c35c3c11e2c992ee4fc8e675bae5c2b1e0b03a5a7,1024,1024,0.807809227860516,0.6775838621976701,0.8014745308337604,0.8142448590519645
161,Utrecht,49,30,U-Net,True,7460,5634,5173,461,2287,650425a2892c96ed26f0d71c35c3c11e2c992ee4fc8e675bae5c2b1e0b03a5a7,1024,1024,0.7901328852925757,0.6530741068090762,0.6934316353928495,0.9181753638637171
162,Utrecht,49,31,MedSAM-LoRA,True,3473,3121,2404,717,1069,9e1e6286daea44a6f378ffa2ead23228fa09ae89a5a04a56064e26ea387627f0,1024,1024,0.7291477100435373,0.573747016716617,0.6921969478925368,0.7702659404110777
162,Utrecht,49,31,U-Net,True,3473,2264,1984,280,1489,9e1e6286daea44a6f378ffa2ead23228fa09ae89a5a04a56064e26ea387627f0,1024,1024,0.691650688518535,0.5286437516778939,0.5712640368680892,0.8763250883446854
163,Utrecht,49,32,MedSAM-LoRA,True,805,888,693,195,112,a0391d24acf9d4f21e9c086c4981bf7b9f636f9e2dc05f5de777b13ff3295c11,1024,1024,0.8186650915641662,0.6930000000307,0.8608695652346746,0.7804054054301345
163,Utrecht,49,32,U-Net,True,805,649,578,71,227,a0391d24acf9d4f21e9c086c4981bf7b9f636f9e2dc05f5de777b13ff3295c11,1024,1024,0.7950481430677409,0.6598173516370072,0.718012422395278,0.8906009245160862
164,Utrecht,49,33,MedSAM-LoRA,True,132,260,57,203,75,d0a923964457a715c822c2536010aa182e580c858ededf9a30b25d58ad442848,1024,1024,0.2908163267115264,0.17014925397905992,0.4318181822486226,0.21923076953106507
164,Utrecht,49,33,U-Net,True,132,0,0,0,132,d0a923964457a715c822c2536010aa182e580c858ededf9a30b25d58ad442848,1024,1024,7.575757570018365e-10,7.575757570018365e-10,7.575757570018365e-10,1.0
165,Utrecht,49,34,MedSAM-LoRA,True,715,506,400,106,315,2b325f8bada2a54d7a3ae77f67a85944642c1afb8fb8cfc5bd03a537daa270f6,1024,1024,0.6552006552288943,0.48721071869826915,0.5594405595021762,0.7905138340334953
165,Utrecht,49,34,U-Net,True,715,277,256,21,459,2b325f8bada2a54d7a3ae77f67a85944642c1afb8fb8cfc5bd03a537daa270f6,1024,1024,0.5161290323068418,0.34782608704513235,0.35804195813174244,0.924187725659138
166,Utrecht,49,35,MedSAM-LoRA,True,385,892,312,580,73,6736794f316da76195390c4c671d6385922e56c8918794f132971a8021514b6f,1024,1024,0.48864526237363776,0.3233160622462885,0.8103896104388598,0.3497757848262584
166,Utrecht,49,35,U-Net,True,385,311,198,113,187,6736794f316da76195390c4c671d6385922e56c8918794f132971a8021514b6f,1024,1024,0.5689655173033096,0.3975903615667489,0.5142857144118738,0.6366559486698855
167,Utrecht,49,36,MedSAM-LoRA,True,88,79,61,18,27,363a88fd19ca94d5f445231fe2210563546301d36f274aa82ab9b875a5e1ea6f,1024,1024,0.7305389223170425,0.5754716985137059,0.6931818185304752,0.7721518990225926
167,Utrecht,49,36,U-Net,True,88,0,0,0,88,363a88fd19ca94d5f445231fe2210563546301d36f274aa82ab9b875a5e1ea6f,1024,1024,1.1363636350723141e-09,1.1363636350723141e-09,1.1363636350723141e-09,1.0
168,Utrecht,49,37,MedSAM-LoRA,False,0,0,0,0,0,3d6aff2f550e45ca7bf08c1719e9ac3f0bfda23a437d7c60cc407186461df225,1024,1024,1.0,1.0,1.0,1.0
168,Utrecht,49,37,U-Net,False,0,0,0,0,0,3d6aff2f550e45ca7bf08c1719e9ac3f0bfda23a437d7c60cc407186461df225,1024,1024,1.0,1.0,1.0,1.0
169,Utrecht,49,38,MedSAM-LoRA,True,140,85,82,3,58,12d05125152e6f3213345a87f4d0308ee85fbe1b1924b2db48c03dc37b46ec2f,1024,1024,0.7288888890093828,0.5734265737248765,0.585714286010204,0.9647058823944636
169,Utrecht,49,38,U-Net,True,140,12,12,0,128,12d05125152e6f3213345a87f4d0308ee85fbe1b1924b2db48c03dc37b46ec2f,1024,1024,0.1578947373961219,0.08571428636734693,0.08571428636734693,1.0
170,Utrecht,49,39,MedSAM-LoRA,True,117,57,57,0,60,b45de879c2873df092d0c398781be567ec8aaf936092bd10e2283d62e7a9742c,1024,1024,0.6551724139912802,0.48717948761779534,0.48717948761779534,1.0
170,Utrecht,49,39,U-Net,True,117,0,0,0,117,b45de879c2873df092d0c398781be567ec8aaf936092bd10e2283d62e7a9742c,1024,1024,8.547008539703411e-10,8.547008539703411e-10,8.547008539703411e-10,1.0
171,Utrecht,49,40,MedSAM-LoRA,False,0,0,0,0,0,3d6aff2f550e45ca7bf08c1719e9ac3f0bfda23a437d7c60cc407186461df225,1024,1024,1.0,1.0,1.0,1.0
171,Utrecht,49,40,U-Net,False,0,0,0,0,0,3d6aff2f550e45ca7bf08c1719e9ac3f0bfda23a437d7c60cc407186461df225,1024,1024,1.0,1.0,1.0,1.0
172,Utrecht,49,41,MedSAM-LoRA,False,0,0,0,0,0,3d6aff2f550e45ca7bf08c1719e9ac3f0bfda23a437d7c60cc407186461df225,1024,1024,1.0,1.0,1.0,1.0
172,Utrecht,49,41,U-Net,False,0,0,0,0,0,3d6aff2f550e45ca7bf08c1719e9ac3f0bfda23a437d7c60cc407186461df225,1024,1024,1.0,1.0,1.0,1.0
173,Utrecht,49,42,MedSAM-LoRA,False,0,0,0,0,0,3d6aff2f550e45ca7bf08c1719e9ac3f0bfda23a437d7c60cc407186461df225,1024,1024,1.0,1.0,1.0,1.0
173,Utrecht,49,42,U-Net,False,0,0,0,0,0,3d6aff2f550e45ca7bf08c1719e9ac3f0bfda23a437d7c60cc407186461df225,1024,1024,1.0,1.0,1.0,1.0
174,Utrecht,49,43,MedSAM-LoRA,False,0,0,0,0,0,3d6aff2f550e45ca7bf08c1719e9ac3f0bfda23a437d7c60cc407186461df225,1024,1024,1.0,1.0,1.0,1.0
174,Utrecht,49,43,U-Net,False,0,0,0,0,0,3d6aff2f550e45ca7bf08c1719e9ac3f0bfda23a437d7c60cc407186461df225,1024,1024,1.0,1.0,1.0,1.0
175,Utrecht,49,44,MedSAM-LoRA,False,0,0,0,0,0,3d6aff2f550e45ca7bf08c1719e9ac3f0bfda23a437d7c60cc407186461df225,1024,1024,1.0,1.0,1.0,1.0
175,Utrecht,49,44,U-Net,False,0,0,0,0,0,3d6aff2f550e45ca7bf08c1719e9ac3f0bfda23a437d7c60cc407186461df225,1024,1024,1.0,1.0,1.0,1.0
176,Utrecht,49,45,MedSAM-LoRA,False,0,0,0,0,0,3d6aff2f550e45ca7bf08c1719e9ac3f0bfda23a437d7c60cc407186461df225,1024,1024,1.0,1.0,1.0,1.0
176,Utrecht,49,45,U-Net,False,0,0,0,0,0,3d6aff2f550e45ca7bf08c1719e9ac3f0bfda23a437d7c60cc407186461df225,1024,1024,1.0,1.0,1.0,1.0
177,Utrecht,49,46,MedSAM-LoRA,False,0,0,0,0,0,3d6aff2f550e45ca7bf08c1719e9ac3f0bfda23a437d7c60cc407186461df225,1024,1024,1.0,1.0,1.0,1.0
177,Utrecht,49,46,U-Net,False,0,0,0,0,0,3d6aff2f550e45ca7bf08c1719e9ac3f0bfda23a437d7c60cc407186461df225,1024,1024,1.0,1.0,1.0,1.0
178,Utrecht,49,47,MedSAM-LoRA,False,0,0,0,0,0,3d6aff2f550e45ca7bf08c1719e9ac3f0bfda23a437d7c60cc407186461df225,1024,1024,1.0,1.0,1.0,1.0
178,Utrecht,49,47,U-Net,False,0,0,0,0,0,3d6aff2f550e45ca7bf08c1719e9ac3f0bfda23a437d7c60cc407186461df225,1024,1024,1.0,1.0,1.0,1.0
179,Utrecht,23,0,MedSAM-LoRA,False,0,0,0,0,0,3d6aff2f550e45ca7bf08c1719e9ac3f0bfda23a437d7c60cc407186461df225,1024,1024,1.0,1.0,1.0,1.0
179,Utrecht,23,0,U-Net,False,0,0,0,0,0,3d6aff2f550e45ca7bf08c1719e9ac3f0bfda23a437d7c60cc407186461df225,1024,1024,1.0,1.0,1.0,1.0
180,Utrecht,23,1,MedSAM-LoRA,False,0,0,0,0,0,3d6aff2f550e45ca7bf08c1719e9ac3f0bfda23a437d7c60cc407186461df225,1024,1024,1.0,1.0,1.0,1.0
180,Utrecht,23,1,U-Net,False,0,0,0,0,0,3d6aff2f550e45ca7bf08c1719e9ac3f0bfda23a437d7c60cc407186461df225,1024,1024,1.0,1.0,1.0,1.0
181,Utrecht,23,2,MedSAM-LoRA,False,0,0,0,0,0,3d6aff2f550e45ca7bf08c1719e9ac3f0bfda23a437d7c60cc407186461df225,1024,1024,1.0,1.0,1.0,1.0
181,Utrecht,23,2,U-Net,False,0,0,0,0,0,3d6aff2f550e45ca7bf08c1719e9ac3f0bfda23a437d7c60cc407186461df225,1024,1024,1.0,1.0,1.0,1.0
182,Utrecht,23,3,MedSAM-LoRA,False,0,0,0,0,0,3d6aff2f550e45ca7bf08c1719e9ac3f0bfda23a437d7c60cc407186461df225,1024,1024,1.0,1.0,1.0,1.0
182,Utrecht,23,3,U-Net,False,0,0,0,0,0,3d6aff2f550e45ca7bf08c1719e9ac3f0bfda23a437d7c60cc407186461df225,1024,1024,1.0,1.0,1.0,1.0
183,Utrecht,23,4,MedSAM-LoRA,False,0,0,0,0,0,3d6aff2f550e45ca7bf08c1719e9ac3f0bfda23a437d7c60cc407186461df225,1024,1024,1.0,1.0,1.0,1.0
183,Utrecht,23,4,U-Net,False,0,32,0,32,0,3d6aff2f550e45ca7bf08c1719e9ac3f0bfda23a437d7c60cc407186461df225,1024,1024,3.1249999902343746e-09,3.1249999902343746e-09,1.0,3.1249999902343746e-09
184,Utrecht,23,5,MedSAM-LoRA,False,0,0,0,0,0,3d6aff2f550e45ca7bf08c1719e9ac3f0bfda23a437d7c60cc407186461df225,1024,1024,1.0,1.0,1.0,1.0
184,Utrecht,23,5,U-Net,False,0,27,0,27,0,3d6aff2f550e45ca7bf08c1719e9ac3f0bfda23a437d7c60cc407186461df225,1024,1024,3.7037036899862825e-09,3.7037036899862825e-09,1.0,3.7037036899862825e-09
185,Utrecht,23,6,MedSAM-LoRA,False,0,0,0,0,0,3d6aff2f550e45ca7bf08c1719e9ac3f0bfda23a437d7c60cc407186461df225,1024,1024,1.0,1.0,1.0,1.0
185,Utrecht,23,6,U-Net,False,0,10,0,10,0,3d6aff2f550e45ca7bf08c1719e9ac3f0bfda23a437d7c60cc407186461df225,1024,1024,9.999999900000002e-09,9.999999900000002e-09,1.0,9.999999900000002e-09
186,Utrecht,23,7,MedSAM-LoRA,False,0,0,0,0,0,3d6aff2f550e45ca7bf08c1719e9ac3f0bfda23a437d7c60cc407186461df225,1024,1024,1.0,1.0,1.0,1.0
186,Utrecht,23,7,U-Net,False,0,0,0,0,0,3d6aff2f550e45ca7bf08c1719e9ac3f0bfda23a437d7c60cc407186461df225,1024,1024,1.0,1.0,1.0,1.0
187,Utrecht,23,8,MedSAM-LoRA,False,0,0,0,0,0,3d6aff2f550e45ca7bf08c1719e9ac3f0bfda23a437d7c60cc407186461df225,1024,1024,1.0,1.0,1.0,1.0
187,Utrecht,23,8,U-Net,False,0,0,0,0,0,3d6aff2f550e45ca7bf08c1719e9ac3f0bfda23a437d7c60cc407186461df225,1024,1024,1.0,1.0,1.0,1.0
188,Utrecht,23,9,MedSAM-LoRA,False,0,0,0,0,0,3d6aff2f550e45ca7bf08c1719e9ac3f0bfda23a437d7c60cc407186461df225,1024,1024,1.0,1.0,1.0,1.0
188,Utrecht,23,9,U-Net,False,0,0,0,0,0,3d6aff2f550e45ca7bf08c1719e9ac3f0bfda23a437d7c60cc407186461df225,1024,1024,1.0,1.0,1.0,1.0
189,Utrecht,23,10,MedSAM-LoRA,False,0,0,0,0,0,3d6aff2f550e45ca7bf08c1719e9ac3f0bfda23a437d7c60cc407186461df225,1024,1024,1.0,1.0,1.0,1.0
189,Utrecht,23,10,U-Net,False,0,0,0,0,0,3d6aff2f550e45ca7bf08c1719e9ac3f0bfda23a437d7c60cc407186461df225,1024,1024,1.0,1.0,1.0,1.0
190,Utrecht,23,11,MedSAM-LoRA,False,0,0,0,0,0,3d6aff2f550e45ca7bf08c1719e9ac3f0bfda23a437d7c60cc407186461df225,1024,1024,1.0,1.0,1.0,1.0
190,Utrecht,23,11,U-Net,False,0,238,0,238,0,3d6aff2f550e45ca7bf08c1719e9ac3f0bfda23a437d7c60cc407186461df225,1024,1024,4.2016806705034956e-10,4.2016806705034956e-10,1.0,4.2016806705034956e-10
191,Utrecht,23,12,MedSAM-LoRA,False,0,0,0,0,0,3d6aff2f550e45ca7bf08c1719e9ac3f0bfda23a437d7c60cc407186461df225,1024,1024,1.0,1.0,1.0,1.0
191,Utrecht,23,12,U-Net,False,0,74,0,74,0,3d6aff2f550e45ca7bf08c1719e9ac3f0bfda23a437d7c60cc407186461df225,1024,1024,1.351351349525201e-09,1.351351349525201e-09,1.0,1.351351349525201e-09
192,Utrecht,23,13,MedSAM-LoRA,False,0,0,0,0,0,3d6aff2f550e45ca7bf08c1719e9ac3f0bfda23a437d7c60cc407186461df225,1024,1024,1.0,1.0,1.0,1.0
192,Utrecht,23,13,U-Net,False,0,0,0,0,0,3d6aff2f550e45ca7bf08c1719e9ac3f0bfda23a437d7c60cc407186461df225,1024,1024,1.0,1.0,1.0,1.0
193,Utrecht,23,14,MedSAM-LoRA,False,0,0,0,0,0,3d6aff2f550e45ca7bf08c1719e9ac3f0bfda23a437d7c60cc407186461df225,1024,1024,1.0,1.0,1.0,1.0
193,Utrecht,23,14,U-Net,False,0,91,0,91,0,3d6aff2f550e45ca7bf08c1719e9ac3f0bfda23a437d7c60cc407186461df225,1024,1024,1.0989010976935154e-09,1.0989010976935154e-09,1.0,1.0989010976935154e-09
194,Utrecht,23,15,MedSAM-LoRA,True,374,395,285,110,89,3c08c5d105a13085feeec882853a94cdbb85243fc8b9eecceed13d0e0457b975,1024,1024,0.7412223667436642,0.5888429752915614,0.7620320856251251,0.7215189874122737
194,Utrecht,23,15,U-Net,True,374,468,262,206,112,3c08c5d105a13085feeec882853a94cdbb85243fc8b9eecceed13d0e0457b975,1024,1024,0.6223277910187259,0.4517241380255649,0.7005347594383597,0.5598290599231135
195,Utrecht,23,16,MedSAM-LoRA,True,249,327,222,105,27,7531ce7225ec93c149f744ffcc007b2741d51e28eeeeffcfbe1d66a538d046cb,1024,1024,0.7708333333731193,0.6271186441731302,0.8915662651037887,0.6788990826670033
195,Utrecht,23,16,U-Net,True,249,331,207,124,42,7531ce7225ec93c149f744ffcc007b2741d51e28eeeeffcfbe1d66a538d046cb,1024,1024,0.7137931034976219,0.5549597856421019,0.8313253012725601,0.6253776436177106
196,Utrecht,23,17,MedSAM-LoRA,True,257,350,205,145,52,c915fe220119576f32fbb8ff100b91119c8ea8f1b580f45d93635883f12296b8,1024,1024,0.6754530478294147,0.5099502488781218,0.7976653697285347,0.5857142858326531
196,Utrecht,23,17,U-Net,True,257,465,209,256,48,c915fe220119576f32fbb8ff100b91119c8ea8f1b580f45d93635883f12296b8,1024,1024,0.5789473684793702,0.40740740752292254,0.813229572057109,0.44946236570979303
197,Utrecht,23,18,MedSAM-LoRA,True,221,299,189,110,32,47e9d34d9a47e144ef200f0c9aac03295542d8c50010a573d4045ddb8e961acc,1024,1024,0.7269230769755918,0.5709969789815719,0.855203619975021,0.6321070235344123
197,Utrecht,23,18,U-Net,True,221,321,189,132,32,47e9d34d9a47e144ef200f0c9aac03295542d8c50010a573d4045ddb8e961acc,1024,1024,0.6974169742255689,0.5354107650041329,0.855203619975021,0.5887850468570762
198,Utrecht,23,19,MedSAM-LoRA,True,221,337,199,138,22,05358210abdf0dc438d38f63d14d21d3c65669d54663f327da38175ff184c8e6,1024,1024,0.7132616487969066,0.5543175488706635,0.9004524887328269,0.5905044511600877
198,Utrecht,23,19,U-Net,True,221,350,200,150,21,05358210abdf0dc438d38f63d14d21d3c65669d54663f327da38175ff184c8e6,1024,1024,0.7005253940979816,0.5390835580757186,0.9049773756086075,0.5714285715510203
199,Utrecht,23,20,MedSAM-LoRA,True,321,373,250,123,71,fae99cb2236bf290797cad0f066924cc40d8c12d07aa9c9e5907c1e8f4091d24,1024,1024,0.720461095141144,0.5630630631614723,0.7788161994458516,0.6702412869516778
199,Utrecht,23,20,U-Net,True,321,526,266,260,55,fae99cb2236bf290797cad0f066924cc40d8c12d07aa9c9e5907c1e8f4091d24,1024,1024,0.628099173597627,0.45783132539452137,0.8286604361904485,0.5057034221472048
200,Utrecht,23,21,MedSAM-LoRA,True,495,712,406,306,89,e2c9067e771d8690ba7d1808deae0768c5399496e23c036a033d245cff87329d,1024,1024,0.6727423363982814,0.5068664170403413,0.820202020238343,0.5702247191614853
200,Utrecht,23,21,U-Net,True,495,1003,404,599,91,e2c9067e771d8690ba7d1808deae0768c5399496e23c036a033d245cff87329d,1024,1024,0.5393858478278113,0.3692870201673412,0.8161616161987553,0.4027916251841684
201,Utrecht,23,22,MedSAM-LoRA,True,814,980,603,377,211,0ebef34abf820dce81b443784a0be4a6c909d761a140b0c5d2438215c6284afc,1024,1024,0.672240802693855,0.5062972292605963,0.7407862408180852,0.615306122488234
201,Utrecht,23,22,U-Net,True,814,1854,634,1220,180,0ebef34abf820dce81b443784a0be4a6c909d761a140b0c5d2438215c6284afc,1024,1024,0.4752623688352601,0.3117010816464257,0.7788697788969448,0.3419633225813396
202,Utrecht,23,23,MedSAM-LoRA,True,208,606,119,487,89,fbb76a6a73a55f0299640661e3eee1a9a69a6aed896e3b9be07b4ed9f0106ca5,1024,1024,0.2923832924702232,0.1712230217019823,0.5721153848210984,0.19636963709630864
202,Utrecht,23,23,U-Net,True,208,879,169,710,39,fbb76a6a73a55f0299640661e3eee1a9a69a6aed896e3b9be07b4ed9f0106ca5,1024,1024,0.3109475621609064,0.18409586065532724,0.8125000000901442,0.19226393638313266
203,Utrecht,23,24,MedSAM-LoRA,True,539,611,443,168,96,cd9ccf81e1efdd56cba94013ba3795facd266ea5ae43b132e310a2e9b9117f1e,1024,1024,0.7704347826286577,0.6265912306044426,0.8218923933540089,0.7250409165752798
203,Utrecht,23,24,U-Net,True,539,765,489,276,50,cd9ccf81e1efdd56cba94013ba3795facd266ea5ae43b132e310a2e9b9117f1e,1024,1024,0.7500000000191717,0.6000000000490798,0.9072356215385464,0.6392156863216713
204,Utrecht,23,25,MedSAM-LoRA,True,301,592,264,328,37,7b6d6308b3b48d8f1bfeb90c1cb7fa6aa896c599def56203ae92a5ccef7aaf31,1024,1024,0.5912653975821651,0.4197138315707928,0.8770764120009713,0.44594594603953625
204,Utrecht,23,25,U-Net,True,301,816,237,579,64,7b6d6308b3b48d8f1bfeb90c1cb7fa6aa896c599def56203ae92a5ccef7aaf31,1024,1024,0.42435094006944035,0.26931818190121387,0.7873754153530313,0.290441176557544
205,Utrecht,23,26,MedSAM-LoRA,True,334,634,270,364,64,8b942ce689a01ce07e9c8fa89c4eaf640a2402d9386604e85628c76e9929d627,1024,1024,0.557851239715098,0.38681948432853597,0.8083832335903044,0.4258675079769926
205,Utrecht,23,26,U-Net,True,334,1048,258,790,76,8b942ce689a01ce07e9c8fa89c4eaf640a2402d9386604e85628c76e9929d627,1024,1024,0.3733719247920859,0.22953736661658922,0.7724550898884865,0.24618320617879932
206,Utrecht,23,27,MedSAM-LoRA,True,224,820,174,646,50,a0785d5b2c1aa65a06bda3c7b41704c187e98d130ff465ee6acb101c6e659770,1024,1024,0.3333333333971903,0.200000000091954,0.7767857143853635,0.21219512204729327
206,Utrecht,23,27,U-Net,True,224,688,90,598,134,a0785d5b2c1aa65a06bda3c7b41704c187e98d130ff465ee6acb101c6e659770,1024,1024,0.19736842114063943,0.10948905120322518,0.40178571455277423,0.13081395361470727
207,Utrecht,23,28,MedSAM-LoRA,True,666,1011,603,408,63,f8a172f284c2c3dcc6812914d644945c1604c416b3d13c1d1227cbd4803067f4,1024,1024,0.7191413238092342,0.5614525140073134,0.9054054054196088,0.5964391691793829
207,Utrecht,23,28,U-Net,True,666,1059,608,451,58,f8a172f284c2c3dcc6812914d644945c1604c416b3d13c1d1227cbd4803067f4,1024,1024,0.7049275362489897,0.5443151298527917,0.9129129129259891,0.5741265345066924
208,Utrecht,23,29,MedSAM-LoRA,True,201,530,153,377,48,0b19464d35ee6ec36bb975492f23c559111aedd1903d1443784ddaea1a1aa7ee,1024,1024,0.418604651242325,0.2647058824801547,0.7611940299695552,0.28867924541723033
208,Utrecht,23,29,U-Net,True,201,132,84,48,117,0b19464d35ee6ec36bb975492f23c559111aedd1903d1443784ddaea1a1aa7ee,1024,1024,0.5045045046533019,0.33734939785648616,0.4179104480507908,0.6363636366391184
209,Utrecht,23,30,MedSAM-LoRA,False,0,0,0,0,0,3d6aff2f550e45ca7bf08c1719e9ac3f0bfda23a437d7c60cc407186461df225,1024,1024,1.0,1.0,1.0,1.0
209,Utrecht,23,30,U-Net,False,0,0,0,0,0,3d6aff2f550e45ca7bf08c1719e9ac3f0bfda23a437d7c60cc407186461df225,1024,1024,1.0,1.0,1.0,1.0
210,Utrecht,23,31,MedSAM-LoRA,False,0,0,0,0,0,3d6aff2f550e45ca7bf08c1719e9ac3f0bfda23a437d7c60cc407186461df225,1024,1024,1.0,1.0,1.0,1.0
210,Utrecht,23,31,U-Net,False,0,0,0,0,0,3d6aff2f550e45ca7bf08c1719e9ac3f0bfda23a437d7c60cc407186461df225,1024,1024,1.0,1.0,1.0,1.0
211,Utrecht,23,32,MedSAM-LoRA,False,0,0,0,0,0,3d6aff2f550e45ca7bf08c1719e9ac3f0bfda23a437d7c60cc407186461df225,1024,1024,1.0,1.0,1.0,1.0
211,Utrecht,23,32,U-Net,False,0,0,0,0,0,3d6aff2f550e45ca7bf08c1719e9ac3f0bfda23a437d7c60cc407186461df225,1024,1024,1.0,1.0,1.0,1.0
212,Utrecht,23,33,MedSAM-LoRA,False,0,0,0,0,0,3d6aff2f550e45ca7bf08c1719e9ac3f0bfda23a437d7c60cc407186461df225,1024,1024,1.0,1.0,1.0,1.0
212,Utrecht,23,33,U-Net,False,0,0,0,0,0,3d6aff2f550e45ca7bf08c1719e9ac3f0bfda23a437d7c60cc407186461df225,1024,1024,1.0,1.0,1.0,1.0
213,Utrecht,23,34,MedSAM-LoRA,True,286,478,278,200,8,51b0385cbd8b9a54ac19796a4a56eb71bc8a1a2bfba2068967e77429a57b0003,1024,1024,0.7277486911351114,0.5720164609934123,0.9720279720377525,0.5815899582465294
213,Utrecht,23,34,U-Net,True,286,288,207,81,79,51b0385cbd8b9a54ac19796a4a56eb71bc8a1a2bfba2068967e77429a57b0003,1024,1024,0.7212543554492589,0.564032697666476,0.7237762238728055,0.7187500000976562
214,Utrecht,23,35,MedSAM-LoRA,True,181,108,97,11,84,0f08bc284c8356a4de8777c4ea7be489e141b1d795b9a87f8ddbc53a61e3c7a7,1024,1024,0.6712802769303527,0.5052083335910373,0.5359116024663472,0.8981481482424554
214,Utrecht,23,35,U-Net,True,181,80,71,9,110,0f08bc284c8356a4de8777c4ea7be489e141b1d795b9a87f8ddbc53a61e3c7a7,1024,1024,0.5440613028566814,0.37368421085595566,0.3922651937059308,0.887500000140625
215,Utrecht,23,36,MedSAM-LoRA,True,156,115,110,5,46,8d37ea4c9c20017846866b335ae6526da856a1bd297d586a66bd6338c8f74667,1024,1024,0.8118081181506243,0.683229813861348,0.7051282053172255,0.956521739168242
215,Utrecht,23,36,U-Net,True,156,78,77,1,79,8d37ea4c9c20017846866b335ae6526da856a1bd297d586a66bd6338c8f74667,1024,1024,0.6581196582657608,0.49044586019716824,0.49358974391436555,0.9871794871959237
216,Utrecht,23,37,MedSAM-LoRA,False,0,0,0,0,0,3d6aff2f550e45ca7bf08c1719e9ac3f0bfda23a437d7c60cc407186461df225,1024,1024,1.0,1.0,1.0,1.0
216,Utrecht,23,37,U-Net,False,0,0,0,0,0,3d6aff2f550e45ca7bf08c1719e9ac3f0bfda23a437d7c60cc407186461df225,1024,1024,1.0,1.0,1.0,1.0
217,Utrecht,23,38,MedSAM-LoRA,False,0,0,0,0,0,3d6aff2f550e45ca7bf08c1719e9ac3f0bfda23a437d7c60cc407186461df225,1024,1024,1.0,1.0,1.0,1.0
217,Utrecht,23,38,U-Net,False,0,0,0,0,0,3d6aff2f550e45ca7bf08c1719e9ac3f0bfda23a437d7c60cc407186461df225,1024,1024,1.0,1.0,1.0,1.0
218,Utrecht,23,39,MedSAM-LoRA,False,0,0,0,0,0,3d6aff2f550e45ca7bf08c1719e9ac3f0bfda23a437d7c60cc407186461df225,1024,1024,1.0,1.0,1.0,1.0
218,Utrecht,23,39,U-Net,False,0,0,0,0,0,3d6aff2f550e45ca7bf08c1719e9ac3f0bfda23a437d7c60cc407186461df225,1024,1024,1.0,1.0,1.0,1.0
219,Utrecht,23,40,MedSAM-LoRA,False,0,0,0,0,0,3d6aff2f550e45ca7bf08c1719e9ac3f0bfda23a437d7c60cc407186461df225,1024,1024,1.0,1.0,1.0,1.0
219,Utrecht,23,40,U-Net,False,0,0,0,0,0,3d6aff2f550e45ca7bf08c1719e9ac3f0bfda23a437d7c60cc407186461df225,1024,1024,1.0,1.0,1.0,1.0
220,Utrecht,23,41,MedSAM-LoRA,False,0,0,0,0,0,3d6aff2f550e45ca7bf08c1719e9ac3f0bfda23a437d7c60cc407186461df225,1024,1024,1.0,1.0,1.0,1.0
220,Utrecht,23,41,U-Net,False,0,0,0,0,0,3d6aff2f550e45ca7bf08c1719e9ac3f0bfda23a437d7c60cc407186461df225,1024,1024,1.0,1.0,1.0,1.0
221,Utrecht,23,42,MedSAM-LoRA,False,0,0,0,0,0,3d6aff2f550e45ca7bf08c1719e9ac3f0bfda23a437d7c60cc407186461df225,1024,1024,1.0,1.0,1.0,1.0
221,Utrecht,23,42,U-Net,False,0,0,0,0,0,3d6aff2f550e45ca7bf08c1719e9ac3f0bfda23a437d7c60cc407186461df225,1024,1024,1.0,1.0,1.0,1.0
222,Utrecht,23,43,MedSAM-LoRA,False,0,0,0,0,0,3d6aff2f550e45ca7bf08c1719e9ac3f0bfda23a437d7c60cc407186461df225,1024,1024,1.0,1.0,1.0,1.0
222,Utrecht,23,43,U-Net,False,0,0,0,0,0,3d6aff2f550e45ca7bf08c1719e9ac3f0bfda23a437d7c60cc407186461df225,1024,1024,1.0,1.0,1.0,1.0
223,Utrecht,23,44,MedSAM-LoRA,False,0,0,0,0,0,3d6aff2f550e45ca7bf08c1719e9ac3f0bfda23a437d7c60cc407186461df225,1024,1024,1.0,1.0,1.0,1.0
223,Utrecht,23,44,U-Net,False,0,0,0,0,0,3d6aff2f550e45ca7bf08c1719e9ac3f0bfda23a437d7c60cc407186461df225,1024,1024,1.0,1.0,1.0,1.0
224,Utrecht,23,45,MedSAM-LoRA,False,0,0,0,0,0,3d6aff2f550e45ca7bf08c1719e9ac3f0bfda23a437d7c60cc407186461df225,1024,1024,1.0,1.0,1.0,1.0
224,Utrecht,23,45,U-Net,False,0,0,0,0,0,3d6aff2f550e45ca7bf08c1719e9ac3f0bfda23a437d7c60cc407186461df225,1024,1024,1.0,1.0,1.0,1.0
225,Utrecht,23,46,MedSAM-LoRA,False,0,0,0,0,0,3d6aff2f550e45ca7bf08c1719e9ac3f0bfda23a437d7c60cc407186461df225,1024,1024,1.0,1.0,1.0,1.0
225,Utrecht,23,46,U-Net,False,0,0,0,0,0,3d6aff2f550e45ca7bf08c1719e9ac3f0bfda23a437d7c60cc407186461df225,1024,1024,1.0,1.0,1.0,1.0
226,Utrecht,23,47,MedSAM-LoRA,False,0,0,0,0,0,3d6aff2f550e45ca7bf08c1719e9ac3f0bfda23a437d7c60cc407186461df225,1024,1024,1.0,1.0,1.0,1.0
226,Utrecht,23,47,U-Net,False,0,0,0,0,0,3d6aff2f550e45ca7bf08c1719e9ac3f0bfda23a437d7c60cc407186461df225,1024,1024,1.0,1.0,1.0,1.0
227,Amsterdam,137,0,MedSAM-LoRA,False,0,0,0,0,0,3d6aff2f550e45ca7bf08c1719e9ac3f0bfda23a437d7c60cc407186461df225,1024,1024,1.0,1.0,1.0,1.0
227,Amsterdam,137,0,U-Net,False,0,0,0,0,0,3d6aff2f550e45ca7bf08c1719e9ac3f0bfda23a437d7c60cc407186461df225,1024,1024,1.0,1.0,1.0,1.0
228,Amsterdam,137,1,MedSAM-LoRA,False,0,0,0,0,0,3d6aff2f550e45ca7bf08c1719e9ac3f0bfda23a437d7c60cc407186461df225,1024,1024,1.0,1.0,1.0,1.0
228,Amsterdam,137,1,U-Net,False,0,0,0,0,0,3d6aff2f550e45ca7bf08c1719e9ac3f0bfda23a437d7c60cc407186461df225,1024,1024,1.0,1.0,1.0,1.0
229,Amsterdam,137,2,MedSAM-LoRA,False,0,0,0,0,0,3d6aff2f550e45ca7bf08c1719e9ac3f0bfda23a437d7c60cc407186461df225,1024,1024,1.0,1.0,1.0,1.0
229,Amsterdam,137,2,U-Net,False,0,0,0,0,0,3d6aff2f550e45ca7bf08c1719e9ac3f0bfda23a437d7c60cc407186461df225,1024,1024,1.0,1.0,1.0,1.0
230,Amsterdam,137,3,MedSAM-LoRA,False,0,0,0,0,0,3d6aff2f550e45ca7bf08c1719e9ac3f0bfda23a437d7c60cc407186461df225,1024,1024,1.0,1.0,1.0,1.0
230,Amsterdam,137,3,U-Net,False,0,0,0,0,0,3d6aff2f550e45ca7bf08c1719e9ac3f0bfda23a437d7c60cc407186461df225,1024,1024,1.0,1.0,1.0,1.0
231,Amsterdam,137,4,MedSAM-LoRA,False,0,0,0,0,0,3d6aff2f550e45ca7bf08c1719e9ac3f0bfda23a437d7c60cc407186461df225,1024,1024,1.0,1.0,1.0,1.0
231,Amsterdam,137,4,U-Net,False,0,0,0,0,0,3d6aff2f550e45ca7bf08c1719e9ac3f0bfda23a437d7c60cc407186461df225,1024,1024,1.0,1.0,1.0,1.0
232,Amsterdam,137,5,MedSAM-LoRA,False,0,0,0,0,0,3d6aff2f550e45ca7bf08c1719e9ac3f0bfda23a437d7c60cc407186461df225,1024,1024,1.0,1.0,1.0,1.0
232,Amsterdam,137,5,U-Net,False,0,0,0,0,0,3d6aff2f550e45ca7bf08c1719e9ac3f0bfda23a437d7c60cc407186461df225,1024,1024,1.0,1.0,1.0,1.0
233,Amsterdam,137,6,MedSAM-LoRA,False,0,0,0,0,0,3d6aff2f550e45ca7bf08c1719e9ac3f0bfda23a437d7c60cc407186461df225,1024,1024,1.0,1.0,1.0,1.0
233,Amsterdam,137,6,U-Net,False,0,0,0,0,0,3d6aff2f550e45ca7bf08c1719e9ac3f0bfda23a437d7c60cc407186461df225,1024,1024,1.0,1.0,1.0,1.0
234,Amsterdam,137,7,MedSAM-LoRA,False,0,0,0,0,0,3d6aff2f550e45ca7bf08c1719e9ac3f0bfda23a437d7c60cc407186461df225,1024,1024,1.0,1.0,1.0,1.0
234,Amsterdam,137,7,U-Net,False,0,0,0,0,0,3d6aff2f550e45ca7bf08c1719e9ac3f0bfda23a437d7c60cc407186461df225,1024,1024,1.0,1.0,1.0,1.0
235,Amsterdam,137,8,MedSAM-LoRA,False,0,0,0,0,0,3d6aff2f550e45ca7bf08c1719e9ac3f0bfda23a437d7c60cc407186461df225,1024,1024,1.0,1.0,1.0,1.0
235,Amsterdam,137,8,U-Net,False,0,0,0,0,0,3d6aff2f550e45ca7bf08c1719e9ac3f0bfda23a437d7c60cc407186461df225,1024,1024,1.0,1.0,1.0,1.0
236,Amsterdam,137,9,MedSAM-LoRA,False,0,0,0,0,0,3d6aff2f550e45ca7bf08c1719e9ac3f0bfda23a437d7c60cc407186461df225,1024,1024,1.0,1.0,1.0,1.0
236,Amsterdam,137,9,U-Net,False,0,0,0,0,0,3d6aff2f550e45ca7bf08c1719e9ac3f0bfda23a437d7c60cc407186461df225,1024,1024,1.0,1.0,1.0,1.0
237,Amsterdam,137,10,MedSAM-LoRA,False,0,0,0,0,0,3d6aff2f550e45ca7bf08c1719e9ac3f0bfda23a437d7c60cc407186461df225,1024,1024,1.0,1.0,1.0,1.0
237,Amsterdam,137,10,U-Net,False,0,0,0,0,0,3d6aff2f550e45ca7bf08c1719e9ac3f0bfda23a437d7c60cc407186461df225,1024,1024,1.0,1.0,1.0,1.0
238,Amsterdam,137,11,MedSAM-LoRA,False,0,0,0,0,0,3d6aff2f550e45ca7bf08c1719e9ac3f0bfda23a437d7c60cc407186461df225,1024,1024,1.0,1.0,1.0,1.0
238,Amsterdam,137,11,U-Net,False,0,0,0,0,0,3d6aff2f550e45ca7bf08c1719e9ac3f0bfda23a437d7c60cc407186461df225,1024,1024,1.0,1.0,1.0,1.0
239,Amsterdam,137,12,MedSAM-LoRA,False,0,0,0,0,0,3d6aff2f550e45ca7bf08c1719e9ac3f0bfda23a437d7c60cc407186461df225,1024,1024,1.0,1.0,1.0,1.0
239,Amsterdam,137,12,U-Net,False,0,0,0,0,0,3d6aff2f550e45ca7bf08c1719e9ac3f0bfda23a437d7c60cc407186461df225,1024,1024,1.0,1.0,1.0,1.0
240,Amsterdam,137,13,MedSAM-LoRA,False,0,0,0,0,0,3d6aff2f550e45ca7bf08c1719e9ac3f0bfda23a437d7c60cc407186461df225,1024,1024,1.0,1.0,1.0,1.0
240,Amsterdam,137,13,U-Net,False,0,0,0,0,0,3d6aff2f550e45ca7bf08c1719e9ac3f0bfda23a437d7c60cc407186461df225,1024,1024,1.0,1.0,1.0,1.0
241,Amsterdam,137,14,MedSAM-LoRA,False,0,0,0,0,0,3d6aff2f550e45ca7bf08c1719e9ac3f0bfda23a437d7c60cc407186461df225,1024,1024,1.0,1.0,1.0,1.0
241,Amsterdam,137,14,U-Net,False,0,0,0,0,0,3d6aff2f550e45ca7bf08c1719e9ac3f0bfda23a437d7c60cc407186461df225,1024,1024,1.0,1.0,1.0,1.0
242,Amsterdam,137,15,MedSAM-LoRA,False,0,0,0,0,0,3d6aff2f550e45ca7bf08c1719e9ac3f0bfda23a437d7c60cc407186461df225,1024,1024,1.0,1.0,1.0,1.0
242,Amsterdam,137,15,U-Net,False,0,0,0,0,0,3d6aff2f550e45ca7bf08c1719e9ac3f0bfda23a437d7c60cc407186461df225,1024,1024,1.0,1.0,1.0,1.0
243,Amsterdam,137,16,MedSAM-LoRA,False,0,0,0,0,0,3d6aff2f550e45ca7bf08c1719e9ac3f0bfda23a437d7c60cc407186461df225,1024,1024,1.0,1.0,1.0,1.0
243,Amsterdam,137,16,U-Net,False,0,0,0,0,0,3d6aff2f550e45ca7bf08c1719e9ac3f0bfda23a437d7c60cc407186461df225,1024,1024,1.0,1.0,1.0,1.0
244,Amsterdam,137,17,MedSAM-LoRA,False,0,0,0,0,0,3d6aff2f550e45ca7bf08c1719e9ac3f0bfda23a437d7c60cc407186461df225,1024,1024,1.0,1.0,1.0,1.0
244,Amsterdam,137,17,U-Net,False,0,0,0,0,0,3d6aff2f550e45ca7bf08c1719e9ac3f0bfda23a437d7c60cc407186461df225,1024,1024,1.0,1.0,1.0,1.0
245,Amsterdam,137,18,MedSAM-LoRA,False,0,0,0,0,0,3d6aff2f550e45ca7bf08c1719e9ac3f0bfda23a437d7c60cc407186461df225,1024,1024,1.0,1.0,1.0,1.0
245,Amsterdam,137,18,U-Net,False,0,0,0,0,0,3d6aff2f550e45ca7bf08c1719e9ac3f0bfda23a437d7c60cc407186461df225,1024,1024,1.0,1.0,1.0,1.0
246,Amsterdam,137,19,MedSAM-LoRA,False,0,0,0,0,0,3d6aff2f550e45ca7bf08c1719e9ac3f0bfda23a437d7c60cc407186461df225,1024,1024,1.0,1.0,1.0,1.0
246,Amsterdam,137,19,U-Net,False,0,0,0,0,0,3d6aff2f550e45ca7bf08c1719e9ac3f0bfda23a437d7c60cc407186461df225,1024,1024,1.0,1.0,1.0,1.0
247,Amsterdam,137,20,MedSAM-LoRA,False,0,0,0,0,0,3d6aff2f550e45ca7bf08c1719e9ac3f0bfda23a437d7c60cc407186461df225,1024,1024,1.0,1.0,1.0,1.0
247,Amsterdam,137,20,U-Net,False,0,0,0,0,0,3d6aff2f550e45ca7bf08c1719e9ac3f0bfda23a437d7c60cc407186461df225,1024,1024,1.0,1.0,1.0,1.0
248,Amsterdam,137,21,MedSAM-LoRA,False,0,0,0,0,0,3d6aff2f550e45ca7bf08c1719e9ac3f0bfda23a437d7c60cc407186461df225,1024,1024,1.0,1.0,1.0,1.0
248,Amsterdam,137,21,U-Net,False,0,0,0,0,0,3d6aff2f550e45ca7bf08c1719e9ac3f0bfda23a437d7c60cc407186461df225,1024,1024,1.0,1.0,1.0,1.0
249,Amsterdam,137,22,MedSAM-LoRA,False,0,0,0,0,0,3d6aff2f550e45ca7bf08c1719e9ac3f0bfda23a437d7c60cc407186461df225,1024,1024,1.0,1.0,1.0,1.0
249,Amsterdam,137,22,U-Net,False,0,0,0,0,0,3d6aff2f550e45ca7bf08c1719e9ac3f0bfda23a437d7c60cc407186461df225,1024,1024,1.0,1.0,1.0,1.0
250,Amsterdam,137,23,MedSAM-LoRA,False,0,0,0,0,0,3d6aff2f550e45ca7bf08c1719e9ac3f0bfda23a437d7c60cc407186461df225,1024,1024,1.0,1.0,1.0,1.0
250,Amsterdam,137,23,U-Net,False,0,0,0,0,0,3d6aff2f550e45ca7bf08c1719e9ac3f0bfda23a437d7c60cc407186461df225,1024,1024,1.0,1.0,1.0,1.0
251,Amsterdam,137,24,MedSAM-LoRA,False,0,0,0,0,0,3d6aff2f550e45ca7bf08c1719e9ac3f0bfda23a437d7c60cc407186461df225,1024,1024,1.0,1.0,1.0,1.0
251,Amsterdam,137,24,U-Net,False,0,0,0,0,0,3d6aff2f550e45ca7bf08c1719e9ac3f0bfda23a437d7c60cc407186461df225,1024,1024,1.0,1.0,1.0,1.0
252,Amsterdam,137,25,MedSAM-LoRA,False,0,0,0,0,0,3d6aff2f550e45ca7bf08c1719e9ac3f0bfda23a437d7c60cc407186461df225,1024,1024,1.0,1.0,1.0,1.0
252,Amsterdam,137,25,U-Net,False,0,0,0,0,0,3d6aff2f550e45ca7bf08c1719e9ac3f0bfda23a437d7c60cc407186461df225,1024,1024,1.0,1.0,1.0,1.0
253,Amsterdam,137,26,MedSAM-LoRA,False,0,0,0,0,0,3d6aff2f550e45ca7bf08c1719e9ac3f0bfda23a437d7c60cc407186461df225,1024,1024,1.0,1.0,1.0,1.0
253,Amsterdam,137,26,U-Net,False,0,0,0,0,0,3d6aff2f550e45ca7bf08c1719e9ac3f0bfda23a437d7c60cc407186461df225,1024,1024,1.0,1.0,1.0,1.0
254,Amsterdam,137,27,MedSAM-LoRA,False,0,0,0,0,0,3d6aff2f550e45ca7bf08c1719e9ac3f0bfda23a437d7c60cc407186461df225,1024,1024,1.0,1.0,1.0,1.0
254,Amsterdam,137,27,U-Net,False,0,0,0,0,0,3d6aff2f550e45ca7bf08c1719e9ac3f0bfda23a437d7c60cc407186461df225,1024,1024,1.0,1.0,1.0,1.0
255,Amsterdam,137,28,MedSAM-LoRA,False,0,0,0,0,0,3d6aff2f550e45ca7bf08c1719e9ac3f0bfda23a437d7c60cc407186461df225,1024,1024,1.0,1.0,1.0,1.0
255,Amsterdam,137,28,U-Net,False,0,0,0,0,0,3d6aff2f550e45ca7bf08c1719e9ac3f0bfda23a437d7c60cc407186461df225,1024,1024,1.0,1.0,1.0,1.0
256,Amsterdam,137,29,MedSAM-LoRA,False,0,0,0,0,0,3d6aff2f550e45ca7bf08c1719e9ac3f0bfda23a437d7c60cc407186461df225,1024,1024,1.0,1.0,1.0,1.0
256,Amsterdam,137,29,U-Net,False,0,0,0,0,0,3d6aff2f550e45ca7bf08c1719e9ac3f0bfda23a437d7c60cc407186461df225,1024,1024,1.0,1.0,1.0,1.0
257,Amsterdam,137,30,MedSAM-LoRA,False,0,0,0,0,0,3d6aff2f550e45ca7bf08c1719e9ac3f0bfda23a437d7c60cc407186461df225,1024,1024,1.0,1.0,1.0,1.0
257,Amsterdam,137,30,U-Net,False,0,0,0,0,0,3d6aff2f550e45ca7bf08c1719e9ac3f0bfda23a437d7c60cc407186461df225,1024,1024,1.0,1.0,1.0,1.0
258,Amsterdam,137,31,MedSAM-LoRA,False,0,0,0,0,0,3d6aff2f550e45ca7bf08c1719e9ac3f0bfda23a437d7c60cc407186461df225,1024,1024,1.0,1.0,1.0,1.0
258,Amsterdam,137,31,U-Net,False,0,598,0,598,0,3d6aff2f550e45ca7bf08c1719e9ac3f0bfda23a437d7c60cc407186461df225,1024,1024,1.6722408023959464e-10,1.6722408023959464e-10,1.0,1.6722408023959464e-10
259,Amsterdam,137,32,MedSAM-LoRA,False,0,0,0,0,0,3d6aff2f550e45ca7bf08c1719e9ac3f0bfda23a437d7c60cc407186461df225,1024,1024,1.0,1.0,1.0,1.0
259,Amsterdam,137,32,U-Net,False,0,722,0,722,0,3d6aff2f550e45ca7bf08c1719e9ac3f0bfda23a437d7c60cc407186461df225,1024,1024,1.3850415510547035e-10,1.3850415510547035e-10,1.0,1.3850415510547035e-10
260,Amsterdam,137,33,MedSAM-LoRA,False,0,0,0,0,0,3d6aff2f550e45ca7bf08c1719e9ac3f0bfda23a437d7c60cc407186461df225,1024,1024,1.0,1.0,1.0,1.0
260,Amsterdam,137,33,U-Net,False,0,435,0,435,0,3d6aff2f550e45ca7bf08c1719e9ac3f0bfda23a437d7c60cc407186461df225,1024,1024,2.2988505741841722e-10,2.2988505741841722e-10,1.0,2.2988505741841722e-10
261,Amsterdam,137,34,MedSAM-LoRA,False,0,0,0,0,0,3d6aff2f550e45ca7bf08c1719e9ac3f0bfda23a437d7c60cc407186461df225,1024,1024,1.0,1.0,1.0,1.0
261,Amsterdam,137,34,U-Net,False,0,342,0,342,0,3d6aff2f550e45ca7bf08c1719e9ac3f0bfda23a437d7c60cc407186461df225,1024,1024,2.9239766073321704e-10,2.9239766073321704e-10,1.0,2.9239766073321704e-10
262,Amsterdam,137,35,MedSAM-LoRA,False,0,0,0,0,0,3d6aff2f550e45ca7bf08c1719e9ac3f0bfda23a437d7c60cc407186461df225,1024,1024,1.0,1.0,1.0,1.0
262,Amsterdam,137,35,U-Net,False,0,35,0,35,0,3d6aff2f550e45ca7bf08c1719e9ac3f0bfda23a437d7c60cc407186461df225,1024,1024,2.8571428489795916e-09,2.8571428489795916e-09,1.0,2.8571428489795916e-09
263,Amsterdam,137,36,MedSAM-LoRA,True,64,103,49,54,15,5b6f75afa679f832b88ad8af73c3076abac80b8c805f7a690a014d2b7d14b534,1024,1024,0.5868263475527986,0.41525423778368287,0.7656250003662111,0.4757281558488077
263,Amsterdam,137,36,U-Net,True,64,26,21,5,43,5b6f75afa679f832b88ad8af73c3076abac80b8c805f7a690a014d2b7d14b534,1024,1024,0.4666666672592593,0.3043478270951481,0.32812500104980474,0.8076923084319527
264,Amsterdam,137,37,MedSAM-LoRA,True,120,182,72,110,48,e5574a969cded8aaa9488bb3793a74d5dfb3a287e8fa7b7ca025d0ef8a329b85,1024,1024,0.4768211922262181,0.3130434785595463,0.6000000003333333,0.39560439593648106
264,Amsterdam,137,37,U-Net,True,120,130,92,38,28,e5574a969cded8aaa9488bb3793a74d5dfb3a287e8fa7b7ca025d0ef8a329b85,1024,1024,0.7360000001056,0.582278481277039,0.7666666668611111,0.7076923079171598
265,Amsterdam,137,38,MedSAM-LoRA,False,0,0,0,0,0,3d6aff2f550e45ca7bf08c1719e9ac3f0bfda23a437d7c60cc407186461df225,1024,1024,1.0,1.0,1.0,1.0
265,Amsterdam,137,38,U-Net,False,0,6,0,6,0,3d6aff2f550e45ca7bf08c1719e9ac3f0bfda23a437d7c60cc407186461df225,1024,1024,1.6666666388888892e-08,1.6666666388888892e-08,1.0,1.6666666388888892e-08
266,Amsterdam,137,39,MedSAM-LoRA,True,128,88,77,11,51,c19e29def03221bcff508903c36c6980e206c951c24d4776bf4d4cffc2be5100,1024,1024,0.7129629630958505,0.5539568348532684,0.6015625003112792,0.8750000001420455
266,Amsterdam,137,39,U-Net,True,128,313,89,224,39,c19e29def03221bcff508903c36c6980e206c951c24d4776bf4d4cffc2be5100,1024,1024,0.4036281180490639,0.25284090930317016,0.6953125002380371,0.2843450481519664
267,Amsterdam,137,40,MedSAM-LoRA,True,1492,1704,1131,573,361,5700f1a654f2abcbceab6a0021e8928a9346617719af5ff9cda2b2a24dc56c28,1024,1024,0.7077596996336746,0.5476997578911527,0.7580428954585762,0.6637323943859312
267,Amsterdam,137,40,U-Net,True,1492,1831,1081,750,411,5700f1a654f2abcbceab6a0021e8928a9346617719af5ff9cda2b2a24dc56c28,1024,1024,0.6506169124390425,0.4821587868205996,0.7245308311176588,0.590387766270323
268,Amsterdam,137,41,MedSAM-LoRA,True,2048,3223,1947,1276,101,6cc691c1d64e9b6925e62070654e1df4db8b35fc5d051124005285b9b0cab0f6,1024,1024,0.7387592487243643,0.5857400722146288,0.9506835937524082,0.6040955631522155
268,Amsterdam,137,41,U-Net,True,2048,2573,1865,708,183,6cc691c1d64e9b6925e62070654e1df4db8b35fc5d051124005285b9b0cab0f6,1024,1024,0.807184592083809,0.6767053701133272,0.9106445312543632,0.7248348231743167
269,Amsterdam,137,42,MedSAM-LoRA,True,1980,1891,1524,367,456,56964b515ba6d27fc83bc88404afde2c09abf7dfe16418f43041801fe7380d57,1024,1024,0.7873934383935057,0.6493395824606162,0.7696969697086011,0.8059227921837164
269,Amsterdam,137,42,U-Net,True,1980,2270,1642,628,338,56964b515ba6d27fc83bc88404afde2c09abf7dfe16418f43041801fe7380d57,1024,1024,0.7727058823582893,0.6296012270080675,0.8292929293015509,0.7233480176333328
270,Amsterdam,137,43,MedSAM-LoRA,True,2900,3232,2408,824,492,f59a3b33a0dd154f210a2acd4a915204582ba95ae40e808cd09ee39291afd3b9,1024,1024,0.7853881278573811,0.6466165413628728,0.8303448275920571,0.7450495049583834
270,Amsterdam,137,43,U-Net,True,2900,3786,2528,1258,372,f59a3b33a0dd154f210a2acd4a915204582ba95ae40e808cd09ee39291afd3b9,1024,1024,0.7562069997045138,0.607984607994036,0.8717241379354578,0.6677231907113649
271,Amsterdam,137,44,MedSAM-LoRA,True,3344,3230,2414,816,930,b68ca9f56c9ae44eb48eca0c3c4986178d9f88709349e9cea7dbdf7afce66c09,1024,1024,0.7344082750268572,0.5802884615485507,0.7218899521614267,0.747368421060453
271,Amsterdam,137,44,U-Net,True,3344,3392,2542,850,802,b68ca9f56c9ae44eb48eca0c3c4986178d9f88709349e9cea7dbdf7afce66c09,1024,1024,0.7547505938278689,0.6061039580446804,0.7601674641220045,0.7494103773658782
272,Amsterdam,137,45,MedSAM-LoRA,True,5524,5512,4418,1094,1106,1ad158675fc1abb6ad6590dfd311dd6a6ce0848fae0401b4d3705f7678110f5e,1024,1024,0.800652410295391,0.6675732849853797,0.7997827661151379,0.8015239477539636
272,Amsterdam,137,45,U-Net,True,5524,5699,4338,1361,1186,1ad158675fc1abb6ad6590dfd311dd6a6ce0848fae0401b4d3705f7678110f5e,1024,1024,0.7730553328007391,0.6300653594824972,0.7853005068829598,0.7611861730169998
273,Amsterdam,137,46,MedSAM-LoRA,True,7632,9338,6648,2690,984,763b98acdc6edb1f75533eaf421170ab8a496ef900798e6c7ec2a089668ec957,1024,1024,0.7835002946388715,0.6440612284475483,0.8710691823916265,0.7119297494140936
273,Amsterdam,137,46,U-Net,True,7632,8687,6431,2256,1201,763b98acdc6edb1f75533eaf421170ab8a496ef900798e6c7ec2a089668ec957,1024,1024,0.7881610392806657,0.6503843042106554,0.8426362683458775,0.7403016000950811
274,Amsterdam,137,47,MedSAM-LoRA,True,5720,7024,5051,1973,669,8eb904dbb6884760ab1b7c9b23e8b5a8ff2bd94a886c25ff07f32e41a7012083,1024,1024,0.7926867545527881,0.6565709086226885,0.8830419580440028,0.7191059225552519
274,Amsterdam,137,47,U-Net,True,5720,7355,5121,2234,599,8eb904dbb6884760ab1b7c9b23e8b5a8ff2bd94a886c25ff07f32e41a7012083,1024,1024,0.7833269598486935,0.6438270052848399,0.895279720281551,0.6962610469109958
275,Amsterdam,137,48,MedSAM-LoRA,True,5932,6967,5066,1901,866,a2211be9cc1360663974d5f7af4883385d0c545750aa5a66f58a7213427b673f,1024,1024,0.7854872470750796,0.6467509255758107,0.854012137561463,0.7271422420019069
275,Amsterdam,137,48,U-Net,True,5932,6291,4693,1598,1239,a2211be9cc1360663974d5f7af4883385d0c545750aa5a66f58a7213427b673f,1024,1024,0.767896588400819,0.6232403718509529,0.7911328388437098,0.7459863296813545
276,Amsterdam,137,49,MedSAM-LoRA,True,6648,6458,5052,1406,1596,a18d633106430c0c098810dad4d6a2e4ff6b77ad44ec4483795efd27b4b4b724,1024,1024,0.7709446055259351,0.6272659548096937,0.7599277978375462,0.7822855373214264
276,Amsterdam,137,49,U-Net,True,6648,7319,5336,1983,1312,a18d633106430c0c098810dad4d6a2e4ff6b77ad44ec4483795efd27b4b4b724,1024,1024,0.764086775973623,0.6182365890439319,0.8026474127586846,0.7290613471822781
277,Amsterdam,137,50,MedSAM-LoRA,True,8368,7538,6095,1443,2273,45cf6e7f3ecc8b5ea17416d96ace363cc889c1a02f2a605494f3ef7521982935,1024,1024,0.7663774676237497,0.6212414636670957,0.728369980882787,0.8085699124461585
277,Amsterdam,137,50,U-Net,True,8368,8007,6309,1698,2059,45cf6e7f3ecc8b5ea17416d96ace363cc889c1a02f2a605494f3ef7521982935,1024,1024,0.7705648854975844,0.6267633618157483,0.7539435946492119,0.7879355563908088
278,Amsterdam,137,51,MedSAM-LoRA,True,5428,5616,4410,1206,1018,ea7df2bc0941445fe713730d383496870bc923d0fd6acf8ad8cf3a15d930234c,1024,1024,0.7986236870717256,0.6647573108280862,0.8124539425237205,0.7852564102602341
278,Amsterdam,137,51,U-Net,True,5428,5405,4400,1005,1028,ea7df2bc0941445fe713730d383496870bc923d0fd6acf8ad8cf3a15d930234c,1024,1024,0.8123326871613373,0.6839732628682734,0.8106116433343661,0.8140610545825335
279,Amsterdam,137,52,MedSAM-LoRA,True,3404,3922,2502,1420,902,29ae0bb1b6b8ca45de239b4159543130ff5f48faa50d1e2a6de190ed22ea12b4,1024,1024,0.6830466830510095,0.5186567164278886,0.7350176263297585,0.6379398266283034
279,Amsterdam,137,52,U-Net,True,3404,3960,2526,1434,878,29ae0bb1b6b8ca45de239b4159543130ff5f48faa50d1e2a6de190ed22ea12b4,1024,1024,0.6860401955501624,0.5221165771078521,0.7420681551192106,0.6378787878879323
280,Amsterdam,137,53,MedSAM-LoRA,True,1952,2813,1686,1127,266,9e4d70e5a5d3aa81d30bfc0a881430571ede5032eb9eb0d98af104d1ddd197aa,1024,1024,0.707660020992494,0.5475803832560059,0.8637295082037024,0.5993601137717968
280,Amsterdam,137,53,U-Net,True,1952,3078,1720,1358,232,9e4d70e5a5d3aa81d30bfc0a881430571ede5032eb9eb0d98af104d1ddd197aa,1024,1024,0.6838966202846144,0.519637462250162,0.8811475409896953,0.5588044184678752
281,Amsterdam,137,54,MedSAM-LoRA,True,3176,4191,2824,1367,352,e5dd27f60a0e832f3deae0d854b691cd284edd54b4603e98079e76a5f1fb46c2,1024,1024,0.7666621419876929,0.621615672471459,0.8891687657465627,0.6738248628090235
281,Amsterdam,137,54,U-Net,True,3176,3770,2602,1168,574,e5dd27f60a0e832f3deae0d854b691cd284edd54b4603e98079e76a5f1fb46c2,1024,1024,0.7492081773718801,0.5989871086648484,0.8192695214162699,0.6901856764007909
282,Amsterdam,137,55,MedSAM-LoRA,True,3404,3390,2718,672,686,d5f5c5f381c8af641d2ef4ab2f34b03932b1aeb2f4d5d171f630cb610a4fbaf1,1024,1024,0.8001177509596685,0.6668302257196558,0.7984723854348275,0.8017699115102722
282,Amsterdam,137,55,U-Net,True,3404,3591,2751,840,653,d5f5c5f381c8af641d2ef4ab2f34b03932b1aeb2f4d5d171f630cb610a4fbaf1,1024,1024,0.7865618298815359,0.6482092365775634,0.8081668625203241,0.7660818713515433
283,Amsterdam,137,56,MedSAM-LoRA,True,3272,3240,2529,711,743,95ef759633200b113c022f3833885a87ed90a1805e1ae23271cc7d89e643362b,1024,1024,0.7767199017233305,0.6349485312670111,0.7729217603981381,0.7805555555623285
283,Amsterdam,137,56,U-Net,True,3272,3687,2610,1077,662,95ef759633200b113c022f3833885a87ed90a1805e1ae23271cc7d89e643362b,1024,1024,0.7501077741090658,0.6001379627592518,0.7976772616198754,0.7078925956141066
284,Amsterdam,137,57,MedSAM-LoRA,True,2008,2635,1872,763,136,d6b65d6ffdad96315c1169dae2b5e62af39adac617af3b24181c5e6db4384a45,1024,1024,0.8063751884599101,0.6755683868756562,0.9322709163380343,0.7104364326485604
284,Amsterdam,137,57,U-Net,True,2008,3248,1920,1328,88,d6b65d6ffdad96315c1169dae2b5e62af39adac617af3b24181c5e6db4384a45,1024,1024,0.7305936073110617,0.5755395683580474,0.9561752988069634,0.5911330049386967
285,Amsterdam,137,58,MedSAM-LoRA,True,1564,2075,1503,572,61,c458aafbd373d02670e41f580c63aba67fb5d6e174f1a9a5c6117250ff9de1a0,1024,1024,0.8260511129478963,0.7036516854071325,0.9609974424577368,0.7243373494108754
285,Amsterdam,137,58,U-Net,True,1564,1983,1487,496,77,c458aafbd373d02670e41f580c63aba67fb5d6e174f1a9a5c6117250ff9de1a0,1024,1024,0.8384550324263192,0.7218446602076776,0.9507672634302579,0.7498739284039398
286,Amsterdam,137,59,MedSAM-LoRA,True,2480,2407,2196,211,284,2b1210f146c6c695201ed934b63b5d234e199e7bb7a2280dd7973a3fbc7615ef,1024,1024,0.8987108655637669,0.8160535117125213,0.8854838709723595,0.9123390112209249
286,Amsterdam,137,59,U-Net,True,2480,2321,2142,179,338,2b1210f146c6c695201ed934b63b5d234e199e7bb7a2280dd7973a3fbc7615ef,1024,1024,0.8923141012311536,0.8055660022637997,0.8637096774248504,0.9228780698008239
287,Amsterdam,137,60,MedSAM-LoRA,True,528,500,424,76,104,b409da86e99834a2ba69ced6dc53ae7128d44d02d156b62d7eb8c475af5bba57,1024,1024,0.8249027237524412,0.7019867550162274,0.803030303067608,0.8480000000304
287,Amsterdam,137,60,U-Net,True,528,533,424,109,104,b409da86e99834a2ba69ced6dc53ae7128d44d02d156b62d7eb8c475af5bba57,1024,1024,0.7992459943638787,0.6656200942440158,0.803030303067608,0.7954971857794565
288,Amsterdam,137,61,MedSAM-LoRA,True,128,120,89,31,39,3c07d7c39b1443984d2e4491d166d0ddfbe2ee634ff581c2c859f8e6a0f6198d,1024,1024,0.7177419355976847,0.5597484279498437,0.6953125002380371,0.7416666668819444
288,Amsterdam,137,61,U-Net,True,128,127,95,32,33,3c07d7c39b1443984d2e4491d166d0ddfbe2ee634ff581c2c859f8e6a0f6198d,1024,1024,0.7450980393156478,0.5937500002539062,0.742187500201416,0.7480314962613925
289,Amsterdam,137,62,MedSAM-LoRA,False,0,0,0,0,0,3d6aff2f550e45ca7bf08c1719e9ac3f0bfda23a437d7c60cc407186461df225,1024,1024,1.0,1.0,1.0,1.0
289,Amsterdam,137,62,U-Net,False,0,0,0,0,0,3d6aff2f550e45ca7bf08c1719e9ac3f0bfda23a437d7c60cc407186461df225,1024,1024,1.0,1.0,1.0,1.0
290,Amsterdam,137,63,MedSAM-LoRA,False,0,0,0,0,0,3d6aff2f550e45ca7bf08c1719e9ac3f0bfda23a437d7c60cc407186461df225,1024,1024,1.0,1.0,1.0,1.0
290,Amsterdam,137,63,U-Net,False,0,0,0,0,0,3d6aff2f550e45ca7bf08c1719e9ac3f0bfda23a437d7c60cc407186461df225,1024,1024,1.0,1.0,1.0,1.0
291,Amsterdam,137,64,MedSAM-LoRA,False,0,0,0,0,0,3d6aff2f550e45ca7bf08c1719e9ac3f0bfda23a437d7c60cc407186461df225,1024,1024,1.0,1.0,1.0,1.0
291,Amsterdam,137,64,U-Net,False,0,0,0,0,0,3d6aff2f550e45ca7bf08c1719e9ac3f0bfda23a437d7c60cc407186461df225,1024,1024,1.0,1.0,1.0,1.0
292,Amsterdam,137,65,MedSAM-LoRA,False,0,0,0,0,0,3d6aff2f550e45ca7bf08c1719e9ac3f0bfda23a437d7c60cc407186461df225,1024,1024,1.0,1.0,1.0,1.0
292,Amsterdam,137,65,U-Net,False,0,0,0,0,0,3d6aff2f550e45ca7bf08c1719e9ac3f0bfda23a437d7c60cc407186461df225,1024,1024,1.0,1.0,1.0,1.0
293,Amsterdam,137,66,MedSAM-LoRA,False,0,0,0,0,0,3d6aff2f550e45ca7bf08c1719e9ac3f0bfda23a437d7c60cc407186461df225,1024,1024,1.0,1.0,1.0,1.0
293,Amsterdam,137,66,U-Net,False,0,0,0,0,0,3d6aff2f550e45ca7bf08c1719e9ac3f0bfda23a437d7c60cc407186461df225,1024,1024,1.0,1.0,1.0,1.0
294,Amsterdam,137,67,MedSAM-LoRA,False,0,0,0,0,0,3d6aff2f550e45ca7bf08c1719e9ac3f0bfda23a437d7c60cc407186461df225,1024,1024,1.0,1.0,1.0,1.0
294,Amsterdam,137,67,U-Net,False,0,0,0,0,0,3d6aff2f550e45ca7bf08c1719e9ac3f0bfda23a437d7c60cc407186461df225,1024,1024,1.0,1.0,1.0,1.0
295,Amsterdam,137,68,MedSAM-LoRA,False,0,0,0,0,0,3d6aff2f550e45ca7bf08c1719e9ac3f0bfda23a437d7c60cc407186461df225,1024,1024,1.0,1.0,1.0,1.0
295,Amsterdam,137,68,U-Net,False,0,0,0,0,0,3d6aff2f550e45ca7bf08c1719e9ac3f0bfda23a437d7c60cc407186461df225,1024,1024,1.0,1.0,1.0,1.0
296,Amsterdam,137,69,MedSAM-LoRA,False,0,0,0,0,0,3d6aff2f550e45ca7bf08c1719e9ac3f0bfda23a437d7c60cc407186461df225,1024,1024,1.0,1.0,1.0,1.0
296,Amsterdam,137,69,U-Net,False,0,0,0,0,0,3d6aff2f550e45ca7bf08c1719e9ac3f0bfda23a437d7c60cc407186461df225,1024,1024,1.0,1.0,1.0,1.0
297,Amsterdam,137,70,MedSAM-LoRA,False,0,0,0,0,0,3d6aff2f550e45ca7bf08c1719e9ac3f0bfda23a437d7c60cc407186461df225,1024,1024,1.0,1.0,1.0,1.0
297,Amsterdam,137,70,U-Net,False,0,0,0,0,0,3d6aff2f550e45ca7bf08c1719e9ac3f0bfda23a437d7c60cc407186461df225,1024,1024,1.0,1.0,1.0,1.0
298,Amsterdam,137,71,MedSAM-LoRA,False,0,0,0,0,0,3d6aff2f550e45ca7bf08c1719e9ac3f0bfda23a437d7c60cc407186461df225,1024,1024,1.0,1.0,1.0,1.0
298,Amsterdam,137,71,U-Net,False,0,43,0,43,0,3d6aff2f550e45ca7bf08c1719e9ac3f0bfda23a437d7c60cc407186461df225,1024,1024,2.3255813899405083e-09,2.3255813899405083e-09,1.0,2.3255813899405083e-09
299,Amsterdam,137,72,MedSAM-LoRA,False,0,0,0,0,0,3d6aff2f550e45ca7bf08c1719e9ac3f0bfda23a437d7c60cc407186461df225,1024,1024,1.0,1.0,1.0,1.0
299,Amsterdam,137,72,U-Net,False,0,211,0,211,0,3d6aff2f550e45ca7bf08c1719e9ac3f0bfda23a437d7c60cc407186461df225,1024,1024,4.739336490644864e-10,4.739336490644864e-10,1.0,4.739336490644864e-10
300,Amsterdam,137,73,MedSAM-LoRA,False,0,0,0,0,0,3d6aff2f550e45ca7bf08c1719e9ac3f0bfda23a437d7c60cc407186461df225,1024,1024,1.0,1.0,1.0,1.0
300,Amsterdam,137,73,U-Net,False,0,334,0,334,0,3d6aff2f550e45ca7bf08c1719e9ac3f0bfda23a437d7c60cc407186461df225,1024,1024,2.9940119751514933e-10,2.9940119751514933e-10,1.0,2.9940119751514933e-10
301,Amsterdam,137,74,MedSAM-LoRA,False,0,0,0,0,0,3d6aff2f550e45ca7bf08c1719e9ac3f0bfda23a437d7c60cc407186461df225,1024,1024,1.0,1.0,1.0,1.0
301,Amsterdam,137,74,U-Net,False,0,683,0,683,0,3d6aff2f550e45ca7bf08c1719e9ac3f0bfda23a437d7c60cc407186461df225,1024,1024,1.4641288431238465e-10,1.4641288431238465e-10,1.0,1.4641288431238465e-10
302,Amsterdam,137,75,MedSAM-LoRA,False,0,0,0,0,0,3d6aff2f550e45ca7bf08c1719e9ac3f0bfda23a437d7c60cc407186461df225,1024,1024,1.0,1.0,1.0,1.0
302,Amsterdam,137,75,U-Net,False,0,378,0,378,0,3d6aff2f550e45ca7bf08c1719e9ac3f0bfda23a437d7c60cc407186461df225,1024,1024,2.645502644802777e-10,2.645502644802777e-10,1.0,2.645502644802777e-10
303,Amsterdam,137,76,MedSAM-LoRA,False,0,0,0,0,0,3d6aff2f550e45ca7bf08c1719e9ac3f0bfda23a437d7c60cc407186461df225,1024,1024,1.0,1.0,1.0,1.0
303,Amsterdam,137,76,U-Net,False,0,219,0,219,0,3d6aff2f550e45ca7bf08c1719e9ac3f0bfda23a437d7c60cc407186461df225,1024,1024,4.566210043577073e-10,4.566210043577073e-10,1.0,4.566210043577073e-10
304,Amsterdam,137,77,MedSAM-LoRA,False,0,0,0,0,0,3d6aff2f550e45ca7bf08c1719e9ac3f0bfda23a437d7c60cc407186461df225,1024,1024,1.0,1.0,1.0,1.0
304,Amsterdam,137,77,U-Net,False,0,277,0,277,0,3d6aff2f550e45ca7bf08c1719e9ac3f0bfda23a437d7c60cc407186461df225,1024,1024,3.610108301945809e-10,3.610108301945809e-10,1.0,3.610108301945809e-10
305,Amsterdam,137,78,MedSAM-LoRA,False,0,0,0,0,0,3d6aff2f550e45ca7bf08c1719e9ac3f0bfda23a437d7c60cc407186461df225,1024,1024,1.0,1.0,1.0,1.0
305,Amsterdam,137,78,U-Net,False,0,199,0,199,0,3d6aff2f550e45ca7bf08c1719e9ac3f0bfda23a437d7c60cc407186461df225,1024,1024,5.025125625615515e-10,5.025125625615515e-10,1.0,5.025125625615515e-10
306,Amsterdam,137,79,MedSAM-LoRA,False,0,0,0,0,0,3d6aff2f550e45ca7bf08c1719e9ac3f0bfda23a437d7c60cc407186461df225,1024,1024,1.0,1.0,1.0,1.0
306,Amsterdam,137,79,U-Net,False,0,261,0,261,0,3d6aff2f550e45ca7bf08c1719e9ac3f0bfda23a437d7c60cc407186461df225,1024,1024,3.8314176230530963e-10,3.8314176230530963e-10,1.0,3.8314176230530963e-10
307,Amsterdam,137,80,MedSAM-LoRA,False,0,0,0,0,0,3d6aff2f550e45ca7bf08c1719e9ac3f0bfda23a437d7c60cc407186461df225,1024,1024,1.0,1.0,1.0,1.0
307,Amsterdam,137,80,U-Net,False,0,619,0,619,0,3d6aff2f550e45ca7bf08c1719e9ac3f0bfda23a437d7c60cc407186461df225,1024,1024,1.6155088850378822e-10,1.6155088850378822e-10,1.0,1.6155088850378822e-10
308,Amsterdam,137,81,MedSAM-LoRA,False,0,0,0,0,0,3d6aff2f550e45ca7bf08c1719e9ac3f0bfda23a437d7c60cc407186461df225,1024,1024,1.0,1.0,1.0,1.0
308,Amsterdam,137,81,U-Net,False,0,279,0,279,0,3d6aff2f550e45ca7bf08c1719e9ac3f0bfda23a437d7c60cc407186461df225,1024,1024,3.584229389396333e-10,3.584229389396333e-10,1.0,3.584229389396333e-10
309,Amsterdam,137,82,MedSAM-LoRA,False,0,0,0,0,0,3d6aff2f550e45ca7bf08c1719e9ac3f0bfda23a437d7c60cc407186461df225,1024,1024,1.0,1.0,1.0,1.0
309,Amsterdam,137,82,U-Net,False,0,0,0,0,0,3d6aff2f550e45ca7bf08c1719e9ac3f0bfda23a437d7c60cc407186461df225,1024,1024,1.0,1.0,1.0,1.0
310,Singapore,66,0,MedSAM-LoRA,False,0,0,0,0,0,3d6aff2f550e45ca7bf08c1719e9ac3f0bfda23a437d7c60cc407186461df225,1024,1024,1.0,1.0,1.0,1.0
310,Singapore,66,0,U-Net,False,0,0,0,0,0,3d6aff2f550e45ca7bf08c1719e9ac3f0bfda23a437d7c60cc407186461df225,1024,1024,1.0,1.0,1.0,1.0
311,Singapore,66,1,MedSAM-LoRA,False,0,0,0,0,0,3d6aff2f550e45ca7bf08c1719e9ac3f0bfda23a437d7c60cc407186461df225,1024,1024,1.0,1.0,1.0,1.0
311,Singapore,66,1,U-Net,False,0,0,0,0,0,3d6aff2f550e45ca7bf08c1719e9ac3f0bfda23a437d7c60cc407186461df225,1024,1024,1.0,1.0,1.0,1.0
312,Singapore,66,2,MedSAM-LoRA,False,0,0,0,0,0,3d6aff2f550e45ca7bf08c1719e9ac3f0bfda23a437d7c60cc407186461df225,1024,1024,1.0,1.0,1.0,1.0
312,Singapore,66,2,U-Net,False,0,0,0,0,0,3d6aff2f550e45ca7bf08c1719e9ac3f0bfda23a437d7c60cc407186461df225,1024,1024,1.0,1.0,1.0,1.0
313,Singapore,66,3,MedSAM-LoRA,False,0,0,0,0,0,3d6aff2f550e45ca7bf08c1719e9ac3f0bfda23a437d7c60cc407186461df225,1024,1024,1.0,1.0,1.0,1.0
313,Singapore,66,3,U-Net,False,0,0,0,0,0,3d6aff2f550e45ca7bf08c1719e9ac3f0bfda23a437d7c60cc407186461df225,1024,1024,1.0,1.0,1.0,1.0
314,Singapore,66,4,MedSAM-LoRA,False,0,0,0,0,0,3d6aff2f550e45ca7bf08c1719e9ac3f0bfda23a437d7c60cc407186461df225,1024,1024,1.0,1.0,1.0,1.0
314,Singapore,66,4,U-Net,False,0,0,0,0,0,3d6aff2f550e45ca7bf08c1719e9ac3f0bfda23a437d7c60cc407186461df225,1024,1024,1.0,1.0,1.0,1.0
315,Singapore,66,5,MedSAM-LoRA,False,0,0,0,0,0,3d6aff2f550e45ca7bf08c1719e9ac3f0bfda23a437d7c60cc407186461df225,1024,1024,1.0,1.0,1.0,1.0
315,Singapore,66,5,U-Net,False,0,0,0,0,0,3d6aff2f550e45ca7bf08c1719e9ac3f0bfda23a437d7c60cc407186461df225,1024,1024,1.0,1.0,1.0,1.0
316,Singapore,66,6,MedSAM-LoRA,False,0,0,0,0,0,3d6aff2f550e45ca7bf08c1719e9ac3f0bfda23a437d7c60cc407186461df225,1024,1024,1.0,1.0,1.0,1.0
316,Singapore,66,6,U-Net,False,0,0,0,0,0,3d6aff2f550e45ca7bf08c1719e9ac3f0bfda23a437d7c60cc407186461df225,1024,1024,1.0,1.0,1.0,1.0
317,Singapore,66,7,MedSAM-LoRA,False,0,0,0,0,0,3d6aff2f550e45ca7bf08c1719e9ac3f0bfda23a437d7c60cc407186461df225,1024,1024,1.0,1.0,1.0,1.0
317,Singapore,66,7,U-Net,False,0,0,0,0,0,3d6aff2f550e45ca7bf08c1719e9ac3f0bfda23a437d7c60cc407186461df225,1024,1024,1.0,1.0,1.0,1.0
318,Singapore,66,8,MedSAM-LoRA,False,0,0,0,0,0,3d6aff2f550e45ca7bf08c1719e9ac3f0bfda23a437d7c60cc407186461df225,1024,1024,1.0,1.0,1.0,1.0
318,Singapore,66,8,U-Net,False,0,0,0,0,0,3d6aff2f550e45ca7bf08c1719e9ac3f0bfda23a437d7c60cc407186461df225,1024,1024,1.0,1.0,1.0,1.0
319,Singapore,66,9,MedSAM-LoRA,False,0,0,0,0,0,3d6aff2f550e45ca7bf08c1719e9ac3f0bfda23a437d7c60cc407186461df225,1024,1024,1.0,1.0,1.0,1.0
319,Singapore,66,9,U-Net,False,0,0,0,0,0,3d6aff2f550e45ca7bf08c1719e9ac3f0bfda23a437d7c60cc407186461df225,1024,1024,1.0,1.0,1.0,1.0
320,Singapore,66,10,MedSAM-LoRA,False,0,0,0,0,0,3d6aff2f550e45ca7bf08c1719e9ac3f0bfda23a437d7c60cc407186461df225,1024,1024,1.0,1.0,1.0,1.0
320,Singapore,66,10,U-Net,False,0,0,0,0,0,3d6aff2f550e45ca7bf08c1719e9ac3f0bfda23a437d7c60cc407186461df225,1024,1024,1.0,1.0,1.0,1.0
321,Singapore,66,11,MedSAM-LoRA,False,0,0,0,0,0,3d6aff2f550e45ca7bf08c1719e9ac3f0bfda23a437d7c60cc407186461df225,1024,1024,1.0,1.0,1.0,1.0
321,Singapore,66,11,U-Net,False,0,25,0,25,0,3d6aff2f550e45ca7bf08c1719e9ac3f0bfda23a437d7c60cc407186461df225,1024,1024,3.9999999839999995e-09,3.9999999839999995e-09,1.0,3.9999999839999995e-09
322,Singapore,66,12,MedSAM-LoRA,False,0,0,0,0,0,3d6aff2f550e45ca7bf08c1719e9ac3f0bfda23a437d7c60cc407186461df225,1024,1024,1.0,1.0,1.0,1.0
322,Singapore,66,12,U-Net,False,0,0,0,0,0,3d6aff2f550e45ca7bf08c1719e9ac3f0bfda23a437d7c60cc407186461df225,1024,1024,1.0,1.0,1.0,1.0
323,Singapore,66,13,MedSAM-LoRA,False,0,0,0,0,0,3d6aff2f550e45ca7bf08c1719e9ac3f0bfda23a437d7c60cc407186461df225,1024,1024,1.0,1.0,1.0,1.0
323,Singapore,66,13,U-Net,False,0,0,0,0,0,3d6aff2f550e45ca7bf08c1719e9ac3f0bfda23a437d7c60cc407186461df225,1024,1024,1.0,1.0,1.0,1.0
324,Singapore,66,14,MedSAM-LoRA,False,0,0,0,0,0,3d6aff2f550e45ca7bf08c1719e9ac3f0bfda23a437d7c60cc407186461df225,1024,1024,1.0,1.0,1.0,1.0
324,Singapore,66,14,U-Net,False,0,797,0,797,0,3d6aff2f550e45ca7bf08c1719e9ac3f0bfda23a437d7c60cc407186461df225,1024,1024,1.254705144133663e-10,1.254705144133663e-10,1.0,1.254705144133663e-10
325,Singapore,66,15,MedSAM-LoRA,False,0,0,0,0,0,3d6aff2f550e45ca7bf08c1719e9ac3f0bfda23a437d7c60cc407186461df225,1024,1024,1.0,1.0,1.0,1.0
325,Singapore,66,15,U-Net,False,0,136,0,136,0,3d6aff2f550e45ca7bf08c1719e9ac3f0bfda23a437d7c60cc407186461df225,1024,1024,7.352941171064013e-10,7.352941171064013e-10,1.0,7.352941171064013e-10
326,Singapore,66,16,MedSAM-LoRA,False,0,0,0,0,0,3d6aff2f550e45ca7bf08c1719e9ac3f0bfda23a437d7c60cc407186461df225,1024,1024,1.0,1.0,1.0,1.0
326,Singapore,66,16,U-Net,False,0,0,0,0,0,3d6aff2f550e45ca7bf08c1719e9ac3f0bfda23a437d7c60cc407186461df225,1024,1024,1.0,1.0,1.0,1.0
327,Singapore,66,17,MedSAM-LoRA,False,0,0,0,0,0,3d6aff2f550e45ca7bf08c1719e9ac3f0bfda23a437d7c60cc407186461df225,1024,1024,1.0,1.0,1.0,1.0
327,Singapore,66,17,U-Net,False,0,10,0,10,0,3d6aff2f550e45ca7bf08c1719e9ac3f0bfda23a437d7c60cc407186461df225,1024,1024,9.999999900000002e-09,9.999999900000002e-09,1.0,9.999999900000002e-09
328,Singapore,66,18,MedSAM-LoRA,True,56,41,33,8,23,fd1743d8e066e35ecefeb7375ff2b606d9072fdb545d454735e94b91437b49de,1024,1024,0.6804123714634924,0.515625000756836,0.5892857150191326,0.8048780492563951
328,Singapore,66,18,U-Net,True,56,0,0,0,56,fd1743d8e066e35ecefeb7375ff2b606d9072fdb545d454735e94b91437b49de,1024,1024,1.78571428252551e-09,1.78571428252551e-09,1.78571428252551e-09,1.0
329,Singapore,66,19,MedSAM-LoRA,False,0,0,0,0,0,3d6aff2f550e45ca7bf08c1719e9ac3f0bfda23a437d7c60cc407186461df225,1024,1024,1.0,1.0,1.0,1.0
329,Singapore,66,19,U-Net,False,0,51,0,51,0,3d6aff2f550e45ca7bf08c1719e9ac3f0bfda23a437d7c60cc407186461df225,1024,1024,1.9607843098808147e-09,1.9607843098808147e-09,1.0,1.9607843098808147e-09
330,Singapore,66,20,MedSAM-LoRA,True,2036,2399,1796,603,240,527cd8485c393f0a24575886f9271d2a26aece9f1bb107360c707546479c3519,1024,1024,0.8099210823041731,0.6805608185039576,0.8821218074714086,0.7486452688725034
330,Singapore,66,20,U-Net,True,2036,2165,1425,740,611,527cd8485c393f0a24575886f9271d2a26aece9f1bb107360c707546479c3519,1024,1024,0.6784099024118445,0.5133285302768974,0.6999017681876276,0.6581986143344943
331,Singapore,66,21,MedSAM-LoRA,True,3940,3799,3431,368,509,a23c7c92d5841c0a4af814eaa3285211fcede7b3ecac8b3993a5fba03010fec1,1024,1024,0.8866778653587456,0.7964252553436298,0.8708121827443956,0.9031324032665666
331,Singapore,66,21,U-Net,True,3940,3939,3460,479,480,a23c7c92d5841c0a4af814eaa3285211fcede7b3ecac8b3993a5fba03010fec1,1024,1024,0.878284046200301,0.7829825752481787,0.8781725888355794,0.8783955318639656
332,Singapore,66,22,MedSAM-LoRA,True,1316,1217,987,230,329,7d616434ba33979349d3dca27e7f622fe44770c7af7d1fc7c5f9cf2663ab8b28,1024,1024,0.7793130675175953,0.6384217335292094,0.7500000000189969,0.8110106820204592
332,Singapore,66,22,U-Net,True,1316,1808,1141,667,175,7d616434ba33979349d3dca27e7f622fe44770c7af7d1fc7c5f9cf2663ab8b28,1024,1024,0.7304737516091397,0.575390822008301,0.8670212766058495,0.6310840708168648
333,Singapore,66,23,MedSAM-LoRA,True,1992,2126,1716,410,276,af14a63a3a5d0f1a94476a2e5abe4e056959834f5d2d1da301159f3df906213d,1024,1024,0.8334142787801502,0.7144046627929058,0.8614457831394856,0.8071495766788735
333,Singapore,66,23,U-Net,True,1992,2215,1789,426,203,af14a63a3a5d0f1a94476a2e5abe4e056959834f5d2d1da301159f3df906213d,1024,1024,0.8504872831031498,0.7398676592332561,0.8980923694830275,0.8076749435752744
334,Singapore,66,24,MedSAM-LoRA,True,2364,2314,1916,398,448,ed314edb832ad90dbd13a3485c9ce15a75f8656d8dc3fdaf191d74e4b6f9d4aa,1024,1024,0.8191534843989065,0.6937002172449783,0.8104906937474412,0.8280034572243733
334,Singapore,66,24,U-Net,True,2364,2460,1894,566,470,ed314edb832ad90dbd13a3485c9ce15a75f8656d8dc3fdaf191d74e4b6f9d4aa,1024,1024,0.7852404643493939,0.6464163822646275,0.8011844331725388,0.7699186991963448
335,Singapore,66,25,MedSAM-LoRA,True,2664,2412,2157,255,507,f4b6631b47a183e214bacfcc52b0778dc275db1d8389418313a085c55d1641d9,1024,1024,0.8498817966932647,0.7389516957951712,0.8096846846918286,0.8942786069695573
335,Singapore,66,25,U-Net,True,2664,3161,2398,763,266,f4b6631b47a183e214bacfcc52b0778dc275db1d8389418313a085c55d1641d9,1024,1024,0.8233476394880112,0.6997373796410932,0.9001501501538982,0.7586206896628086
336,Singapore,66,26,MedSAM-LoRA,True,3168,3403,2868,535,300,68804f19b522bab05206870de7a2df7e44f9ccaeaa5dd4411d3ba351783cd604,1024,1024,0.8729264952081429,0.7745071563657978,0.9053030303060194,0.8427857772599828
336,Singapore,66,26,U-Net,True,3168,4092,2984,1108,184,68804f19b522bab05206870de7a2df7e44f9ccaeaa5dd4411d3ba351783cd604,1024,1024,0.8220385674955643,0.6978484565084694,0.9419191919210252,0.7292277614924431
337,Singapore,66,27,MedSAM-LoRA,True,4792,4748,4048,700,744,53684254dd3ce132a78b32eb21303b4d22e24cb3132e3af905b3a761f5722000,1024,1024,0.8486373165634314,0.7370721048846126,0.8447412353955605,0.8525695029517151
337,Singapore,66,27,U-Net,True,4792,5439,4284,1155,508,53684254dd3ce132a78b32eb21303b4d22e24cb3132e3af905b3a761f5722000,1024,1024,0.83745479425435,0.7203632083450419,0.8939899833077214,0.787644787648692
338,Singapore,66,28,MedSAM-LoRA,True,4624,4756,3962,794,662,e22cafa6c6facdfea4f168a43c4c435173378e63ccacd7f7dd6a9591fe214bd0,1024,1024,0.8447761194046398,0.731266149875761,0.8568339100376983,0.833052985705781
338,Singapore,66,28,U-Net,True,4624,6215,4449,1766,175,e22cafa6c6facdfea4f168a43c4c435173378e63ccacd7f7dd6a9591fe214bd0,1024,1024,0.8209244395255935,0.6962441314601526,0.9621539792395728,0.7158487530214667
339,Singapore,66,29,MedSAM-LoRA,True,4100,6323,3582,2741,518,7e31e619915344503e12c33f25940ef6c56a59c881166574ff4c0b3525979fb0,1024,1024,0.6873261057307173,0.5236076597058382,0.8736585365884474,0.5665032421387552
339,Singapore,66,29,U-Net,True,4100,5848,3375,2473,725,7e31e619915344503e12c33f25940ef6c56a59c881166574ff4c0b3525979fb0,1024,1024,0.6785283474097453,0.5134641716185385,0.82317073171163,0.5771203830441669
340,Singapore,66,30,MedSAM-LoRA,True,5684,6716,5167,1549,517,e81d8d587c5a4e7f15baf4cddfffb52012bd89376453c4ce9af22fd30fa5e31a,1024,1024,0.8333870967755372,0.7143647172720259,0.9090429275174341,0.7693567599796105
340,Singapore,66,30,U-Net,True,5684,6695,4864,1831,820,e81d8d587c5a4e7f15baf4cddfffb52012bd89376453c4ce9af22fd30fa5e31a,1024,1024,0.7858469989515644,0.6472388556267833,0.8557353976098568,0.7265123226329124
341,Singapore,66,31,MedSAM-LoRA,True,10272,8478,7761,717,2511,66cb1a901560c02081c769cdc891aba81e4267c015f5d130d9f5c389f9e5a959,1024,1024,0.8278400000009182,0.7062517062543793,0.7555490654229404,0.9154281670215212
341,Singapore,66,31,U-Net,True,10272,9125,8255,870,2017,66cb1a901560c02081c769cdc891aba81e4267c015f5d130d9f5c389f9e5a959,1024,1024,0.8511625509107018,0.7408903248991124,0.8036409657339988,0.9046575342476202
342,Singapore,66,32,MedSAM-LoRA,True,8384,6972,6372,600,2012,62a2a0b7fc3463683cb692ec97cf7017a1ebdac60851eb15761e11f1e410ac6a,1024,1024,0.829903620735674,0.7092609082846253,0.760019083972328,0.9139414802077748
342,Singapore,66,32,U-Net,True,8384,7925,6737,1188,1647,62a2a0b7fc3463683cb692ec97cf7017a1ebdac60851eb15761e11f1e410ac6a,1024,1024,0.8261695996086446,0.7038236523223587,0.8035543893153201,0.8500946372258663
343,Singapore,66,33,MedSAM-LoRA,True,6416,5379,4652,727,1764,870eeb00e1d298be319e44e82a30457b60fa60ab273517c06f5b0bb0f7af2000,1024,1024,0.7888088172972547,0.651266974665389,0.725062344143936,0.8648447666877701
343,Singapore,66,33,U-Net,True,6416,6304,5151,1153,1265,870eeb00e1d298be319e44e82a30457b60fa60ab273517c06f5b0bb0f7af2000,1024,1024,0.8099056603788529,0.680539040828636,0.8028366583571876,0.817100253810008
344,Singapore,66,34,MedSAM-LoRA,True,3692,4170,2994,1176,698,337c2c9f37021168bbadf5cd4301b61251b922f32a0fb9adfbf78848fde03c8c,1024,1024,0.7616382599877686,0.6150369761788201,0.8109425785533331,0.7179856115175542
344,Singapore,66,34,U-Net,True,3692,4463,2991,1472,701,337c2c9f37021168bbadf5cd4301b61251b922f32a0fb9adfbf78848fde03c8c,1024,1024,0.7335377069315323,0.5792021688694965,0.810130010839379,0.6701770109865521
345,Singapore,66,35,MedSAM-LoRA,True,1568,1356,957,399,611,62b314528e73ca407e0219c75c0512f7a0fc42681e096d89b7b103b5a0f06f39,1024,1024,0.6545827633497066,0.4865277071943809,0.6103316326779125,0.7057522124110801
345,Singapore,66,35,U-Net,True,1568,972,758,214,810,62b314528e73ca407e0219c75c0512f7a0fc42681e096d89b7b103b5a0f06f39,1024,1024,0.5968503937166595,0.42536475873033863,0.483418367379884,0.7798353909691528
346,Singapore,66,36,MedSAM-LoRA,True,488,515,226,289,262,13b6d7aab70ef63a278acdab6f0ee162345e1a1b6444c3d45d2492cf38948042,1024,1024,0.4506480558872734,0.290862290953557,0.4631147542083781,0.4388349515652748
346,Singapore,66,36,U-Net,True,488,269,240,29,248,13b6d7aab70ef63a278acdab6f0ee162345e1a1b6444c3d45d2492cf38948042,1024,1024,0.6340819022940447,0.4642166345330336,0.4918032787926632,0.8921933085902626
347,Singapore,66,37,MedSAM-LoRA,True,900,755,636,119,264,7ace5cd052c9f3c78ea8169424e0bac7e1d6213f3a4fa01cd2d727f37289b251,1024,1024,0.7685800604369438,0.6241413150516053,0.7066666666992593,0.8423841059811412
347,Singapore,66,37,U-Net,True,900,827,689,138,211,7ace5cd052c9f3c78ea8169424e0bac7e1d6213f3a4fa01cd2d727f37289b251,1024,1024,0.797915460347544,0.6637764932886534,0.7655555555816049,0.8331318017130434
348,Singapore,66,38,MedSAM-LoRA,True,476,514,309,205,167,8b7542e91d91ef3eba9d3af007c5321a64a9bacd081f0bb59170e3a9be5c3d91,1024,1024,0.6242424242803796,0.4537444934722843,0.6491596639392522,0.6011673152526913
348,Singapore,66,38,U-Net,True,476,481,309,172,167,8b7542e91d91ef3eba9d3af007c5321a64a9bacd081f0bb59170e3a9be5c3d91,1024,1024,0.6457680251153848,0.47685185193258467,0.6491596639392522,0.6424116424859851
349,Singapore,66,39,MedSAM-LoRA,True,860,1018,772,246,88,447309dd0f3e9078f31ce5b71ff5c9d8d63f3ac9c313b5ef78a9d5caee069e48,1024,1024,0.8221512247166054,0.6980108499368887,0.8976744186165495,0.7583497053282564
349,Singapore,66,39,U-Net,True,860,936,679,257,181,447309dd0f3e9078f31ce5b71ff5c9d8d63f3ac9c313b5ef78a9d5caee069e48,1024,1024,0.7561247216171423,0.6078782453350153,0.7895348837454029,0.725427350456685
350,Singapore,66,40,MedSAM-LoRA,True,384,581,352,229,32,a233ced67843ee9ecd6261e7f6231465ba1144f6bbb7a1d4e0f92f5ac0d19dd6,1024,1024,0.7295336787845043,0.5742251224185604,0.916666666688368,0.6058519794137949
350,Singapore,66,40,U-Net,True,384,724,330,394,54,a233ced67843ee9ecd6261e7f6231465ba1144f6bbb7a1d4e0f92f5ac0d19dd6,1024,1024,0.595667870072593,0.4241645244956087,0.8593750000366212,0.45580110504754134
351,Singapore,66,41,MedSAM-LoRA,True,176,123,120,3,56,a44ef49a38aedf1715be17369a6405e9781db21d1547934b3e4ca3a291425bff,1024,1024,0.8026755853502756,0.6703910616366531,0.6818181819989669,0.9756097561173904
351,Singapore,66,41,U-Net,True,176,112,107,5,69,a44ef49a38aedf1715be17369a6405e9781db21d1547934b3e4ca3a291425bff,1024,1024,0.7430555556447723,0.5911602212203535,0.6079545456772986,0.9553571428970026
352,Singapore,66,42,MedSAM-LoRA,False,0,0,0,0,0,3d6aff2f550e45ca7bf08c1719e9ac3f0bfda23a437d7c60cc407186461df225,1024,1024,1.0,1.0,1.0,1.0
352,Singapore,66,42,U-Net,False,0,103,0,103,0,3d6aff2f550e45ca7bf08c1719e9ac3f0bfda23a437d7c60cc407186461df225,1024,1024,9.70873785465171e-10,9.70873785465171e-10,1.0,9.70873785465171e-10
353,Singapore,66,43,MedSAM-LoRA,False,0,0,0,0,0,3d6aff2f550e45ca7bf08c1719e9ac3f0bfda23a437d7c60cc407186461df225,1024,1024,1.0,1.0,1.0,1.0
353,Singapore,66,43,U-Net,False,0,0,0,0,0,3d6aff2f550e45ca7bf08c1719e9ac3f0bfda23a437d7c60cc407186461df225,1024,1024,1.0,1.0,1.0,1.0
354,Singapore,66,44,MedSAM-LoRA,False,0,0,0,0,0,3d6aff2f550e45ca7bf08c1719e9ac3f0bfda23a437d7c60cc407186461df225,1024,1024,1.0,1.0,1.0,1.0
354,Singapore,66,44,U-Net,False,0,0,0,0,0,3d6aff2f550e45ca7bf08c1719e9ac3f0bfda23a437d7c60cc407186461df225,1024,1024,1.0,1.0,1.0,1.0
355,Singapore,66,45,MedSAM-LoRA,False,0,0,0,0,0,3d6aff2f550e45ca7bf08c1719e9ac3f0bfda23a437d7c60cc407186461df225,1024,1024,1.0,1.0,1.0,1.0
355,Singapore,66,45,U-Net,False,0,0,0,0,0,3d6aff2f550e45ca7bf08c1719e9ac3f0bfda23a437d7c60cc407186461df225,1024,1024,1.0,1.0,1.0,1.0
356,Singapore,66,46,MedSAM-LoRA,False,0,0,0,0,0,3d6aff2f550e45ca7bf08c1719e9ac3f0bfda23a437d7c60cc407186461df225,1024,1024,1.0,1.0,1.0,1.0
356,Singapore,66,46,U-Net,False,0,0,0,0,0,3d6aff2f550e45ca7bf08c1719e9ac3f0bfda23a437d7c60cc407186461df225,1024,1024,1.0,1.0,1.0,1.0
357,Singapore,66,47,MedSAM-LoRA,False,0,0,0,0,0,3d6aff2f550e45ca7bf08c1719e9ac3f0bfda23a437d7c60cc407186461df225,1024,1024,1.0,1.0,1.0,1.0
357,Singapore,66,47,U-Net,False,0,852,0,852,0,3d6aff2f550e45ca7bf08c1719e9ac3f0bfda23a437d7c60cc407186461df225,1024,1024,1.173708920050034e-10,1.173708920050034e-10,1.0,1.173708920050034e-10
358,Singapore,65,0,MedSAM-LoRA,False,0,0,0,0,0,3d6aff2f550e45ca7bf08c1719e9ac3f0bfda23a437d7c60cc407186461df225,1024,1024,1.0,1.0,1.0,1.0
358,Singapore,65,0,U-Net,False,0,26,0,26,0,3d6aff2f550e45ca7bf08c1719e9ac3f0bfda23a437d7c60cc407186461df225,1024,1024,3.846153831360946e-09,3.846153831360946e-09,1.0,3.846153831360946e-09
359,Singapore,65,1,MedSAM-LoRA,False,0,0,0,0,0,3d6aff2f550e45ca7bf08c1719e9ac3f0bfda23a437d7c60cc407186461df225,1024,1024,1.0,1.0,1.0,1.0
359,Singapore,65,1,U-Net,False,0,17,0,17,0,3d6aff2f550e45ca7bf08c1719e9ac3f0bfda23a437d7c60cc407186461df225,1024,1024,5.882352906574394e-09,5.882352906574394e-09,1.0,5.882352906574394e-09
360,Singapore,65,2,MedSAM-LoRA,False,0,0,0,0,0,3d6aff2f550e45ca7bf08c1719e9ac3f0bfda23a437d7c60cc407186461df225,1024,1024,1.0,1.0,1.0,1.0
360,Singapore,65,2,U-Net,False,0,0,0,0,0,3d6aff2f550e45ca7bf08c1719e9ac3f0bfda23a437d7c60cc407186461df225,1024,1024,1.0,1.0,1.0,1.0
361,Singapore,65,3,MedSAM-LoRA,False,0,0,0,0,0,3d6aff2f550e45ca7bf08c1719e9ac3f0bfda23a437d7c60cc407186461df225,1024,1024,1.0,1.0,1.0,1.0
361,Singapore,65,3,U-Net,False,0,0,0,0,0,3d6aff2f550e45ca7bf08c1719e9ac3f0bfda23a437d7c60cc407186461df225,1024,1024,1.0,1.0,1.0,1.0
362,Singapore,65,4,MedSAM-LoRA,False,0,0,0,0,0,3d6aff2f550e45ca7bf08c1719e9ac3f0bfda23a437d7c60cc407186461df225,1024,1024,1.0,1.0,1.0,1.0
362,Singapore,65,4,U-Net,False,0,0,0,0,0,3d6aff2f550e45ca7bf08c1719e9ac3f0bfda23a437d7c60cc407186461df225,1024,1024,1.0,1.0,1.0,1.0
363,Singapore,65,5,MedSAM-LoRA,False,0,0,0,0,0,3d6aff2f550e45ca7bf08c1719e9ac3f0bfda23a437d7c60cc407186461df225,1024,1024,1.0,1.0,1.0,1.0
363,Singapore,65,5,U-Net,False,0,0,0,0,0,3d6aff2f550e45ca7bf08c1719e9ac3f0bfda23a437d7c60cc407186461df225,1024,1024,1.0,1.0,1.0,1.0
364,Singapore,65,6,MedSAM-LoRA,False,0,0,0,0,0,3d6aff2f550e45ca7bf08c1719e9ac3f0bfda23a437d7c60cc407186461df225,1024,1024,1.0,1.0,1.0,1.0
364,Singapore,65,6,U-Net,False,0,0,0,0,0,3d6aff2f550e45ca7bf08c1719e9ac3f0bfda23a437d7c60cc407186461df225,1024,1024,1.0,1.0,1.0,1.0
365,Singapore,65,7,MedSAM-LoRA,True,680,1004,635,369,45,e8650ed1110465aa9329ef35aad37582cf5659668a0614385dc5bc246715af40,1024,1024,0.7541567696107982,0.6053384175781373,0.9338235294214965,0.632470119558519
365,Singapore,65,7,U-Net,True,680,0,0,0,680,e8650ed1110465aa9329ef35aad37582cf5659668a0614385dc5bc246715af40,1024,1024,1.4705882350778548e-10,1.4705882350778548e-10,1.4705882350778548e-10,1.0
366,Singapore,65,8,MedSAM-LoRA,False,0,0,0,0,0,3d6aff2f550e45ca7bf08c1719e9ac3f0bfda23a437d7c60cc407186461df225,1024,1024,1.0,1.0,1.0,1.0
366,Singapore,65,8,U-Net,False,0,0,0,0,0,3d6aff2f550e45ca7bf08c1719e9ac3f0bfda23a437d7c60cc407186461df225,1024,1024,1.0,1.0,1.0,1.0
367,Singapore,65,9,MedSAM-LoRA,False,0,0,0,0,0,3d6aff2f550e45ca7bf08c1719e9ac3f0bfda23a437d7c60cc407186461df225,1024,1024,1.0,1.0,1.0,1.0
367,Singapore,65,9,U-Net,False,0,0,0,0,0,3d6aff2f550e45ca7bf08c1719e9ac3f0bfda23a437d7c60cc407186461df225,1024,1024,1.0,1.0,1.0,1.0
368,Singapore,65,10,MedSAM-LoRA,False,0,0,0,0,0,3d6aff2f550e45ca7bf08c1719e9ac3f0bfda23a437d7c60cc407186461df225,1024,1024,1.0,1.0,1.0,1.0
368,Singapore,65,10,U-Net,False,0,16,0,16,0,3d6aff2f550e45ca7bf08c1719e9ac3f0bfda23a437d7c60cc407186461df225,1024,1024,6.2499999609374996e-09,6.2499999609374996e-09,1.0,6.2499999609374996e-09
369,Singapore,65,11,MedSAM-LoRA,False,0,0,0,0,0,3d6aff2f550e45ca7bf08c1719e9ac3f0bfda23a437d7c60cc407186461df225,1024,1024,1.0,1.0,1.0,1.0
369,Singapore,65,11,U-Net,False,0,29,0,29,0,3d6aff2f550e45ca7bf08c1719e9ac3f0bfda23a437d7c60cc407186461df225,1024,1024,3.4482758501783587e-09,3.4482758501783587e-09,1.0,3.4482758501783587e-09
370,Singapore,65,12,MedSAM-LoRA,True,2324,992,838,154,1486,f911442e9b559b88fbc0e485d36faf2de557b7dc63b7bd80a9eb0bffa4432112,1024,1024,0.5054282267941669,0.33817594837214787,0.3605851979621091,0.8447580645317784
370,Singapore,65,12,U-Net,True,2324,41,0,41,2324,f911442e9b559b88fbc0e485d36faf2de557b7dc63b7bd80a9eb0bffa4432112,1024,1024,4.228329809546371e-11,4.228329809546371e-11,4.302925989487826e-11,2.4390243842950623e-09
371,Singapore,65,13,MedSAM-LoRA,True,4948,1354,1313,41,3635,2bdda88a32a7a76bf2b0da609fee2eed55576ea7be6a226f5751397b8a65f4a5,1024,1024,0.4166931133066218,0.2631789938010989,0.26535974132446727,0.9697193500760917
371,Singapore,65,13,U-Net,True,4948,6,6,0,4942,2bdda88a32a7a76bf2b0da609fee2eed55576ea7be6a226f5751397b8a65f4a5,1024,1024,0.002422285042341092,0.0012126111762083144,0.0012126111762083144,1.0
372,Singapore,65,14,MedSAM-LoRA,True,13100,1518,1518,0,11582,0abaf682d9bd56e05fb8b8da2924910265ce616f92deb14d2bc7952d62e658ee,1024,1024,0.20768915036798677,0.11587786260216887,0.11587786260216887,1.0
372,Singapore,65,14,U-Net,True,13100,1163,664,499,12436,0abaf682d9bd56e05fb8b8da2924910265ce616f92deb14d2bc7952d62e658ee,1024,1024,0.09310804179279879,0.04882711964814451,0.05068702290801002,0.570937231335259
373,Singapore,65,15,MedSAM-LoRA,True,15224,1595,1595,0,13629,45fcc50594c98644668945f23668d1802f12e96d3385e947757c1e45bad19a54,1024,1024,0.18966644866407237,0.10476878613304802,0.10476878613304802,1.0
373,Singapore,65,15,U-Net,True,15224,1404,1404,0,13820,45fcc50594c98644668945f23668d1802f12e96d3385e947757c1e45bad19a54,1024,1024,0.16887178254048066,0.09222280610160127,0.09222280610160127,1.0
374,Singapore,65,16,MedSAM-LoRA,True,15412,3335,2914,421,12498,ff532414f90ff065a92dfe5e5688ade0972b6ab4a71bfd858da5392f5570864b,1024,1024,0.31087640689544527,0.18404597992052013,0.1890734492655783,0.8737631184445648
374,Singapore,65,16,U-Net,True,15412,3402,3225,177,12187,ff532414f90ff065a92dfe5e5688ade0972b6ab4a71bfd858da5392f5570864b,1024,1024,0.34282980759358544,0.2068766437923736,0.20925253050084833,0.947971781306644
375,Singapore,65,17,MedSAM-LoRA,True,17380,3593,3260,333,14120,beed674d9d81c643ccf44732e94434d3ae681188c8386ab686bcb8c47f73c148,1024,1024,0.31087588804982175,0.18404561621868656,0.18757192175381143,0.9073197884801748
375,Singapore,65,17,U-Net,True,17380,3601,3419,182,13961,beed674d9d81c643ccf44732e94434d3ae681188c8386ab686bcb8c47f73c148,1024,1024,0.3259139221232262,0.19468169912769226,0.19672036824397743,0.9494584837559161
376,Singapore,65,18,MedSAM-LoRA,True,14200,5984,5298,686,8902,f00c19244d702a36ea32ffbe60984c16896463e1c16cbc8344404ff150ab8066,1024,1024,0.5249702734863012,0.35590487707002616,0.37309859155371056,0.8853609625687606
376,Singapore,65,18,U-Net,True,14200,718,703,15,13497,f00c19244d702a36ea32ffbe60984c16896463e1c16cbc8344404ff150ab8066,1024,1024,0.09424855879411283,0.049454801272954936,0.04950704226021473,0.9791086351004027
377,Singapore,65,19,MedSAM-LoRA,True,10084,1124,967,157,9117,7a0a677ba705c653614b3750e77511a969255b7d5411d2bc881e849c8ec746ba,1024,1024,0.17255531763764673,0.09442437262870398,0.09589448632392011,0.8603202847099358
377,Singapore,65,19,U-Net,True,10084,1459,1082,377,9002,7a0a677ba705c653614b3750e77511a969255b7d5411d2bc881e849c8ec746ba,1024,1024,0.18747292732229512,0.10343179429209988,0.1072986910044893,0.7416038382630841
378,Singapore,65,20,MedSAM-LoRA,True,6856,1092,842,250,6014,3e0cadab066bd23e52c4d013fc62a20a93ef5ce280ca1507f46027c29ac29c8e,1024,1024,0.21187720182169256,0.11849141571744312,0.1228121353686871,0.771062271083236
378,Singapore,65,20,U-Net,True,6856,1361,1067,294,5789,3e0cadab066bd23e52c4d013fc62a20a93ef5ce280ca1507f46027c29ac29c8e,1024,1024,0.2597054886301605,0.14923076924266812,0.15563010502981872,0.783982365923293
379,Singapore,65,21,MedSAM-LoRA,True,2444,777,682,95,1762,a61bef7d28e5209ed0095d41c5dad4ddfe812fac39507b6aa6f1e32afe8bf394,1024,1024,0.4234709717658035,0.2686096888826857,0.27905073652704376,0.8777348777506133
379,Singapore,65,21,U-Net,True,2444,924,745,179,1699,a61bef7d28e5209ed0095d41c5dad4ddfe812fac39507b6aa6f1e32afe8bf394,1024,1024,0.44239904989779105,0.2840259245412114,0.30482815060127544,0.8062770562980219
380,Singapore,65,22,MedSAM-LoRA,True,2272,1777,1627,150,645,dc3dbf3a938d024152ce19ab50fdd4594e4bfbb37284a9bd15ad3176127d7a08,1024,1024,0.8036552235168275,0.6717588769747417,0.7161091549420727,0.9155880697852792
380,Singapore,65,22,U-Net,True,2272,4118,2060,2058,212,dc3dbf3a938d024152ce19ab50fdd4594e4bfbb37284a9bd15ad3176127d7a08,1024,1024,0.6447574334953872,0.4757505773793129,0.9066901408491773,0.5002428363404506
381,Singapore,65,23,MedSAM-LoRA,True,4244,3904,3523,381,721,44b25894a4c6d60d33ec7fd78ae3d9bd00d9663f23c4cb52a96c2053bfdbb41b,1024,1024,0.8647520864032309,0.7617297297348815,0.8301131008522593,0.9024077868877457
381,Singapore,65,23,U-Net,True,4244,5051,3979,1072,265,44b25894a4c6d60d33ec7fd78ae3d9bd00d9663f23c4cb52a96c2053bfdbb41b,1024,1024,0.856159225391542,0.748495109109321,0.9375589066932715,0.787764799053895
382,Singapore,65,24,MedSAM-LoRA,True,3740,4334,3243,1091,497,36b3e0150abf69d6da8170064f8ba8831b0ca7544a0b4c8c88539ff7da33725b,1024,1024,0.8033192965097434,0.6712895880838069,0.8671122994687938,0.7482694970062698
382,Singapore,65,24,U-Net,True,3740,4689,3405,1284,335,36b3e0150abf69d6da8170064f8ba8831b0ca7544a0b4c8c88539ff7da33725b,1024,1024,0.8079250207639348,0.6777468152930385,0.910427807489026,0.7261676263654048
383,Singapore,65,25,MedSAM-LoRA,True,4160,4093,3570,523,590,c058459a5a074a1a396afb148312332c275a37058e1804aff8538e44e9a51f2b,1024,1024,0.8651399491110487,0.7623318385700976,0.8581730769264863,0.8722208648943997
383,Singapore,65,25,U-Net,True,4160,5606,3870,1736,290,c058459a5a074a1a396afb148312332c275a37058e1804aff8538e44e9a51f2b,1024,1024,0.7925455662523802,0.6563772048904957,0.9302884615401373,0.6903317873761982
384,Singapore,65,26,MedSAM-LoRA,True,5944,5547,5071,476,873,3e104194e769869b07272ca22a1779d80563f12aeea2f57ac149c2d2bc352eb0,1024,1024,0.8826037768698756,0.7898753894113727,0.853129205924409,0.9141878492894504
384,Singapore,65,26,U-Net,True,5944,5823,5101,722,843,3e104194e769869b07272ca22a1779d80563f12aeea2f57ac149c2d2bc352eb0,1024,1024,0.8670009348188408,0.7652265226557872,0.8581763122500307,0.8760089301068863
385,Singapore,65,27,MedSAM-LoRA,True,5944,7636,5713,1923,231,4f27932336a808478c75cccb9a6d90711d1ab5ccb72ef3b99e82ab54e40f5965,1024,1024,0.8413843888082372,0.7261980424593085,0.961137281292713,0.7481665793642199
385,Singapore,65,27,U-Net,True,5944,7456,5687,1769,257,4f27932336a808478c75cccb9a6d90711d1ab5ccb72ef3b99e82ab54e40f5965,1024,1024,0.8488059701503821,0.7373265914723541,0.9567631224771742,0.7627414163121949
386,Singapore,65,28,MedSAM-LoRA,True,7464,6873,5769,1104,1695,346032b9e7f04ae5075e2736be61706844cda06be7a32a9b0ed26e1f0b9e6987,1024,1024,0.8047708725688445,0.6733193277349051,0.7729099678487016,0.8393714535160866
386,Singapore,65,28,U-Net,True,7464,8261,6339,1922,1125,346032b9e7f04ae5075e2736be61706844cda06be7a32a9b0ed26e1f0b9e6987,1024,1024,0.8062321144686408,0.6753675687228279,0.849276527333209,0.7673405156788845
387,Singapore,65,29,MedSAM-LoRA,True,12200,10519,9250,1269,2950,a769ab161e11e27fa7a13be570db346ee22845b2b7a3daab38608c93be138246,1024,1024,0.8142964038918338,0.6867621946715661,0.7581967213134574,0.8793611560045692
387,Singapore,65,29,U-Net,True,12200,12883,10274,2609,1926,a769ab161e11e27fa7a13be570db346ee22845b2b7a3daab38608c93be138246,1024,1024,0.8192002551536132,0.693767303668757,0.8421311475422776,0.7974850578297176
388,Singapore,65,30,MedSAM-LoRA,True,15128,10793,8794,1999,6334,7ef70b0bd630def61939daa62c181f41958ea69cfa9c2fbcd628887c74afce02,1024,1024,0.6785232051244994,0.5134582822472502,0.581306187205306,0.8147873621809063
388,Singapore,65,30,U-Net,True,15128,14746,10095,4651,5033,7ef70b0bd630def61939daa62c181f41958ea69cfa9c2fbcd628887c74afce02,1024,1024,0.6758385217926095,0.51038980737393,0.6673056583840078,0.6845924318480633
389,Singapore,65,31,MedSAM-LoRA,True,18648,16675,15311,1364,3337,4a4a4214b85768455cfdb10bcdb2f2e189e47066b0b4a870a3497776492b1bdd,1024,1024,0.8669139087850214,0.7650909454339142,0.8210531960541556,0.9182008995507155
389,Singapore,65,31,U-Net,True,18648,18274,15902,2372,2746,4a4a4214b85768455cfdb10bcdb2f2e189e47066b0b4a870a3497776492b1bdd,1024,1024,0.8613834570178718,0.7565176022846978,0.8527456027463924,0.8701980956557394
390,Singapore,65,32,MedSAM-LoRA,True,22772,20127,18624,1503,4148,01cb8c7e448f2ad10b18b955c24336a10623d5be1e6fdfa15c22d5db2e8cfab9,1024,1024,0.8682719876923278,0.7672090628227921,0.817846478131838,0.9253241913850782
390,Singapore,65,32,U-Net,True,22772,20943,19122,1821,3650,01cb8c7e448f2ad10b18b955c24336a10623d5be1e6fdfa15c22d5db2e8cfab9,1024,1024,0.8748484501890087,0.7775383239142133,0.8397154400147562,0.913049706346211
391,Singapore,65,33,MedSAM-LoRA,True,21816,22292,19784,2508,2032,7b13a65e286017c4684bf17dad7b29bc2c791526d440c2f333515380eb27d580,1024,1024,0.8970708261542191,0.8133530669305487,0.9068573524023338,0.8874932711291608
391,Singapore,65,33,U-Net,True,21816,20837,18758,2079,3058,7b13a65e286017c4684bf17dad7b29bc2c791526d440c2f333515380eb27d580,1024,1024,0.8795629850189212,0.7850177861486294,0.8598276494322523,0.9002255603018658
392,Singapore,65,34,MedSAM-LoRA,True,19788,19400,18028,1372,1760,1d800b4e04c820bd108fd133f46f4264a90a823c0521931be8ec0a367e8ef024,1024,1024,0.92007757476799,0.8519848771273536,0.9110572063881592,0.9292783505158284
392,Singapore,65,34,U-Net,True,19788,14775,13693,1082,6095,1d800b4e04c820bd108fd133f46f4264a90a823c0521931be8ec0a367e8ef024,1024,1024,0.7923502010826828,0.6561092477256535,0.6919850414408127,0.9267681895098019
393,Singapore,65,35,MedSAM-LoRA,True,13472,11848,11471,377,2001,f4df33411f997e363ed8f3d0a77b8035efc70f44f24c888c36efdbe95d9f26a2,1024,1024,0.906082148499581,0.8282908513262452,0.8514697149654731,0.968180283592436
393,Singapore,65,35,U-Net,True,13472,8068,7396,672,6076,f4df33411f997e363ed8f3d0a77b8035efc70f44f24c888c36efdbe95d9f26a2,1024,1024,0.6867223769745278,0.5229072398223776,0.5489904988156993,0.9167079821527429
394,Singapore,65,36,MedSAM-LoRA,True,12848,8872,8617,255,4231,2a704e97f25ee830ac83780093f71ac7ff82bb2bcf0f82eea8fabee3dd3a3464,1024,1024,0.7934622467781148,0.657635655959264,0.6706880448344436,0.9712578899913068
394,Singapore,65,36,U-Net,True,12848,4015,3871,144,8977,2a704e97f25ee830ac83780093f71ac7ff82bb2bcf0f82eea8fabee3dd3a3464,1024,1024,0.4591116645943242,0.2979525862123002,0.3012920298933585,0.9641344956422383
395,Singapore,65,37,MedSAM-LoRA,True,9840,9827,8952,875,888,ffb7cbe07a033b338abd83ca36943f690e4e543a3523c7fe14c27c5ef81c76db,1024,1024,0.9103574515690733,0.8354643023813769,0.9097560975618927,0.910959601099919
395,Singapore,65,37,U-Net,True,9840,4224,4169,55,5671,ffb7cbe07a033b338abd83ca36943f690e4e543a3523c7fe14c27c5ef81c76db,1024,1024,0.5928612059187084,0.421323900965929,0.4236788617944748,0.9869791666669749
396,Singapore,65,38,MedSAM-LoRA,True,7992,3746,3568,178,4424,bbdc3735019b51090f99e93b52589fbe0b807aca64f25ddefff6f084321ce30e,1024,1024,0.6079400238574889,0.43671970624924455,0.4464464464533728,0.9524826481593037
396,Singapore,65,38,U-Net,True,7992,3708,3617,91,4375,bbdc3735019b51090f99e93b52589fbe0b807aca64f25ddefff6f084321ce30e,1024,1024,0.6182905982938607,0.44748237041386263,0.4525775775844272,0.9754584681775766
397,Singapore,65,39,MedSAM-LoRA,True,4760,3490,3246,244,1514,3d795d6b0e64b55e956c37aebb84d58a22a3ce99068494c54ba40f6e6e312caf,1024,1024,0.7869090909116737,0.6486810551628961,0.6819327731159258,0.9300859598873901
397,Singapore,65,39,U-Net,True,4760,1374,1299,75,3461,3d795d6b0e64b55e956c37aebb84d58a22a3ce99068494c54ba40f6e6e312caf,1024,1024,0.42354091947467326,0.26866597726435026,0.2728991596791408,0.9454148471655448
398,Singapore,65,40,MedSAM-LoRA,True,2796,1831,1487,344,1309,40d8e3a24004526021d3cb3329c8ddbfb418632563b84c17f9b836e559bb6264,1024,1024,0.6427490814860006,0.47356687899765715,0.5318311874273308,0.8121245221293214
398,Singapore,65,40,U-Net,True,2796,382,365,17,2431,40d8e3a24004526021d3cb3329c8ddbfb418632563b84c17f9b836e559bb6264,1024,1024,0.22970421651259584,0.12975471030466568,0.13054363379361433,0.9554973822106028
399,Singapore,65,41,MedSAM-LoRA,True,1576,521,484,37,1092,20f0680f25e0c39fc99f9f6e5986de2cc15414561c800369b9f7f7f1444d3627,1024,1024,0.4616118264443676,0.30006199632361674,0.3071065990287369,0.9289827255414621
399,Singapore,65,41,U-Net,True,1576,144,141,3,1435,20f0680f25e0c39fc99f9f6e5986de2cc15414561c800369b9f7f7f1444d3627,1024,1024,0.16395348842070037,0.08929702349022817,0.08946700513391706,0.9791666666811343
400,Singapore,65,42,MedSAM-LoRA,True,72,70,49,21,23,df0b65602bc72bc344b2a6dabc014835a3cc29087d00a1a5cdeadb6aadb054ba,1024,1024,0.6901408452886332,0.5268817209388369,0.6805555559992285,0.7000000004285715
400,Singapore,65,42,U-Net,True,72,109,67,42,5,df0b65602bc72bc344b2a6dabc014835a3cc29087d00a1a5cdeadb6aadb054ba,1024,1024,0.7403314918561704,0.5877192986072638,0.9305555556520062,0.6146788994360743
401,Singapore,65,43,MedSAM-LoRA,False,0,0,0,0,0,3d6aff2f550e45ca7bf08c1719e9ac3f0bfda23a437d7c60cc407186461df225,1024,1024,1.0,1.0,1.0,1.0
401,Singapore,65,43,U-Net,False,0,0,0,0,0,3d6aff2f550e45ca7bf08c1719e9ac3f0bfda23a437d7c60cc407186461df225,1024,1024,1.0,1.0,1.0,1.0
402,Singapore,65,44,MedSAM-LoRA,False,0,0,0,0,0,3d6aff2f550e45ca7bf08c1719e9ac3f0bfda23a437d7c60cc407186461df225,1024,1024,1.0,1.0,1.0,1.0
402,Singapore,65,44,U-Net,False,0,0,0,0,0,3d6aff2f550e45ca7bf08c1719e9ac3f0bfda23a437d7c60cc407186461df225,1024,1024,1.0,1.0,1.0,1.0
403,Singapore,65,45,MedSAM-LoRA,False,0,0,0,0,0,3d6aff2f550e45ca7bf08c1719e9ac3f0bfda23a437d7c60cc407186461df225,1024,1024,1.0,1.0,1.0,1.0
403,Singapore,65,45,U-Net,False,0,0,0,0,0,3d6aff2f550e45ca7bf08c1719e9ac3f0bfda23a437d7c60cc407186461df225,1024,1024,1.0,1.0,1.0,1.0
404,Singapore,65,46,MedSAM-LoRA,False,0,0,0,0,0,3d6aff2f550e45ca7bf08c1719e9ac3f0bfda23a437d7c60cc407186461df225,1024,1024,1.0,1.0,1.0,1.0
404,Singapore,65,46,U-Net,False,0,0,0,0,0,3d6aff2f550e45ca7bf08c1719e9ac3f0bfda23a437d7c60cc407186461df225,1024,1024,1.0,1.0,1.0,1.0
405,Singapore,65,47,MedSAM-LoRA,False,0,0,0,0,0,3d6aff2f550e45ca7bf08c1719e9ac3f0bfda23a437d7c60cc407186461df225,1024,1024,1.0,1.0,1.0,1.0
405,Singapore,65,47,U-Net,False,0,0,0,0,0,3d6aff2f550e45ca7bf08c1719e9ac3f0bfda23a437d7c60cc407186461df225,1024,1024,1.0,1.0,1.0,1.0
406,Utrecht,21,0,MedSAM-LoRA,False,0,0,0,0,0,3d6aff2f550e45ca7bf08c1719e9ac3f0bfda23a437d7c60cc407186461df225,1024,1024,1.0,1.0,1.0,1.0
406,Utrecht,21,0,U-Net,False,0,0,0,0,0,3d6aff2f550e45ca7bf08c1719e9ac3f0bfda23a437d7c60cc407186461df225,1024,1024,1.0,1.0,1.0,1.0
407,Utrecht,21,1,MedSAM-LoRA,False,0,0,0,0,0,3d6aff2f550e45ca7bf08c1719e9ac3f0bfda23a437d7c60cc407186461df225,1024,1024,1.0,1.0,1.0,1.0
407,Utrecht,21,1,U-Net,False,0,0,0,0,0,3d6aff2f550e45ca7bf08c1719e9ac3f0bfda23a437d7c60cc407186461df225,1024,1024,1.0,1.0,1.0,1.0
408,Utrecht,21,2,MedSAM-LoRA,False,0,0,0,0,0,3d6aff2f550e45ca7bf08c1719e9ac3f0bfda23a437d7c60cc407186461df225,1024,1024,1.0,1.0,1.0,1.0
408,Utrecht,21,2,U-Net,False,0,0,0,0,0,3d6aff2f550e45ca7bf08c1719e9ac3f0bfda23a437d7c60cc407186461df225,1024,1024,1.0,1.0,1.0,1.0
409,Utrecht,21,3,MedSAM-LoRA,False,0,0,0,0,0,3d6aff2f550e45ca7bf08c1719e9ac3f0bfda23a437d7c60cc407186461df225,1024,1024,1.0,1.0,1.0,1.0
409,Utrecht,21,3,U-Net,False,0,0,0,0,0,3d6aff2f550e45ca7bf08c1719e9ac3f0bfda23a437d7c60cc407186461df225,1024,1024,1.0,1.0,1.0,1.0
410,Utrecht,21,4,MedSAM-LoRA,False,0,0,0,0,0,3d6aff2f550e45ca7bf08c1719e9ac3f0bfda23a437d7c60cc407186461df225,1024,1024,1.0,1.0,1.0,1.0
410,Utrecht,21,4,U-Net,False,0,0,0,0,0,3d6aff2f550e45ca7bf08c1719e9ac3f0bfda23a437d7c60cc407186461df225,1024,1024,1.0,1.0,1.0,1.0
411,Utrecht,21,5,MedSAM-LoRA,False,0,0,0,0,0,3d6aff2f550e45ca7bf08c1719e9ac3f0bfda23a437d7c60cc407186461df225,1024,1024,1.0,1.0,1.0,1.0
411,Utrecht,21,5,U-Net,False,0,0,0,0,0,3d6aff2f550e45ca7bf08c1719e9ac3f0bfda23a437d7c60cc407186461df225,1024,1024,1.0,1.0,1.0,1.0
412,Utrecht,21,6,MedSAM-LoRA,False,0,0,0,0,0,3d6aff2f550e45ca7bf08c1719e9ac3f0bfda23a437d7c60cc407186461df225,1024,1024,1.0,1.0,1.0,1.0
412,Utrecht,21,6,U-Net,False,0,0,0,0,0,3d6aff2f550e45ca7bf08c1719e9ac3f0bfda23a437d7c60cc407186461df225,1024,1024,1.0,1.0,1.0,1.0
413,Utrecht,21,7,MedSAM-LoRA,False,0,0,0,0,0,3d6aff2f550e45ca7bf08c1719e9ac3f0bfda23a437d7c60cc407186461df225,1024,1024,1.0,1.0,1.0,1.0
413,Utrecht,21,7,U-Net,False,0,0,0,0,0,3d6aff2f550e45ca7bf08c1719e9ac3f0bfda23a437d7c60cc407186461df225,1024,1024,1.0,1.0,1.0,1.0
414,Utrecht,21,8,MedSAM-LoRA,False,0,0,0,0,0,3d6aff2f550e45ca7bf08c1719e9ac3f0bfda23a437d7c60cc407186461df225,1024,1024,1.0,1.0,1.0,1.0
414,Utrecht,21,8,U-Net,False,0,0,0,0,0,3d6aff2f550e45ca7bf08c1719e9ac3f0bfda23a437d7c60cc407186461df225,1024,1024,1.0,1.0,1.0,1.0
415,Utrecht,21,9,MedSAM-LoRA,True,16,67,12,55,4,d94594ff9b6b51c98663af2ae96e5d420698f8f6ed95494d66245329970696bb,1024,1024,0.28915662736246195,0.16901408567744494,0.7500000015624999,0.1791044788371575
415,Utrecht,21,9,U-Net,True,16,50,0,50,16,d94594ff9b6b51c98663af2ae96e5d420698f8f6ed95494d66245329970696bb,1024,1024,1.5151515128558311e-09,1.5151515128558311e-09,6.2499999609374996e-09,1.999999996e-09
416,Utrecht,21,10,MedSAM-LoRA,True,230,406,221,185,9,c98af4a9f3ca4390bdce6f87aaeb7561f643ad251eb4fed6fbf1d4bf74fe0f3d,1024,1024,0.6949685535070805,0.532530120594571,0.9608695652344046,0.5443349754816909
416,Utrecht,21,10,U-Net,True,230,184,99,85,131,c98af4a9f3ca4390bdce6f87aaeb7561f643ad251eb4fed6fbf1d4bf74fe0f3d,1024,1024,0.4782608696912413,0.3142857145034013,0.4304347828563327,0.5380434785119329
417,Utrecht,21,11,MedSAM-LoRA,True,451,939,441,498,10,6d166a9a05132cc8a73865ae976c50e32632b587792e3a8df54d68cbb22323ae,1024,1024,0.634532374127012,0.4646996839341729,0.9778270510026991,0.46964856235679997
417,Utrecht,21,11,U-Net,True,451,382,254,128,197,6d166a9a05132cc8a73865ae976c50e32632b587792e3a8df54d68cbb22323ae,1024,1024,0.6098439376218675,0.4386873921522129,0.5631929047531723,0.6649214660563032
418,Utrecht,21,12,MedSAM-LoRA,True,702,1109,690,419,12,93242a4beeec169df125c98afd5326c7478a0a4e549c1fa846ea6fed3a8cf2a6,1024,1024,0.7620099392732187,0.6155218555204708,0.9829059829084179,0.6221821461116156
418,Utrecht,21,12,U-Net,True,702,429,392,37,310,93242a4beeec169df125c98afd5326c7478a0a4e549c1fa846ea6fed3a8cf2a6,1024,1024,0.6931918656327858,0.5304465494546081,0.5584045584674638,0.9137529137730179
419,Utrecht,21,13,MedSAM-LoRA,True,1087,3341,1087,2254,0,1aeb7bc686000f82122a066d4fbeeef80fc7093cbb9f618205ee40b1b1d6f2f8,1024,1024,0.49096657634392576,0.325351691130639,1.0,0.325351691130639
419,Utrecht,21,13,U-Net,True,1087,1377,944,433,143,1aeb7bc686000f82122a066d4fbeeef80fc7093cbb9f618205ee40b1b1d6f2f8,1024,1024,0.7662337662432536,0.621052631603878,0.8684452622016149,0.6855482934142666
420,Utrecht,21,14,MedSAM-LoRA,True,144,524,142,382,2,c328784f905c2873d38bbb95109967c26123528fcc1a74ac9601f86d1f442d02,1024,1024,0.4251497006848579,0.2699619773251023,0.9861111111207562,0.27099236655133735
420,Utrecht,21,14,U-Net,True,144,159,82,77,62,c328784f905c2873d38bbb95109967c26123528fcc1a74ac9601f86d1f442d02,1024,1024,0.5412541255639425,0.37104072426649737,0.5694444447434414,0.5157232707448282
421,Utrecht,21,15,MedSAM-LoRA,False,0,0,0,0,0,3d6aff2f550e45ca7bf08c1719e9ac3f0bfda23a437d7c60cc407186461df225,1024,1024,1.0,1.0,1.0,1.0
421,Utrecht,21,15,U-Net,False,0,80,0,80,0,3d6aff2f550e45ca7bf08c1719e9ac3f0bfda23a437d7c60cc407186461df225,1024,1024,1.2499999984375e-09,1.2499999984375e-09,1.0,1.2499999984375e-09
422,Utrecht,21,16,MedSAM-LoRA,True,739,435,340,95,399,f412a635829d352026d73f6029a221a4714d0e6e10d7a305d6ba58c687c88ee5,1024,1024,0.5792163543799644,0.40767386098229336,0.46008119087143695,0.7816091954525036
422,Utrecht,21,16,U-Net,True,739,687,539,148,200,f412a635829d352026d73f6029a221a4714d0e6e10d7a305d6ba58c687c88ee5,1024,1024,0.7559607293298766,0.6076662909123263,0.7293640054493418,0.784570596829029
423,Utrecht,21,17,MedSAM-LoRA,True,1458,1708,1279,429,179,f4ee615626a61d0bd1b6b268992d242a3ae37b0c467815916da1d4632cce534e,1024,1024,0.807959570441947,0.6777954425183998,0.8772290809412051,0.7488290398273519
423,Utrecht,21,17,U-Net,True,1458,2872,1395,1477,63,f4ee615626a61d0bd1b6b268992d242a3ae37b0c467815916da1d4632cce534e,1024,1024,0.6443418013938951,0.4752981260826134,0.9567901234597538,0.4857242340011935
424,Utrecht,21,18,MedSAM-LoRA,True,1986,3229,1865,1364,121,3b488f2761fd9d6be1892a5d904ca7f216ce833e13b9663b43250a3c5fd90af5,1024,1024,0.7152444870620279,0.5567164179236802,0.9390735146052833,0.5775781975974736
424,Utrecht,21,18,U-Net,True,1986,3374,1797,1577,189,3b488f2761fd9d6be1892a5d904ca7f216ce833e13b9663b43250a3c5fd90af5,1024,1024,0.6705223880658484,0.5043502666431561,0.904833836862798,0.532602252533118
425,Utrecht,21,19,MedSAM-LoRA,True,3169,4025,2824,1201,345,b3651fc3c63b03dd2e5c40689952f4a5b4a25cb77ce1233b9462cc0a53aa4d7b,1024,1024,0.7850986933585613,0.6462242563010018,0.8911328494827664,0.7016149068397114
425,Utrecht,21,19,U-Net,True,3169,4796,2750,2046,419,b3651fc3c63b03dd2e5c40689952f4a5b4a25cb77ce1233b9462cc0a53aa4d7b,1024,1024,0.6905210295079658,0.527325023978383,0.8677816345892149,0.573394495421739
426,Utrecht,21,20,MedSAM-LoRA,True,3361,4229,2959,1270,402,f09730a64f11bc23e5a4051e5ae5b35f0a3a6575abd3e88389fb2fa63cfb35b0,1024,1024,0.7797101449304386,0.6389548693664661,0.8803927402594349,0.6996925987302035
426,Utrecht,21,20,U-Net,True,3361,4232,2680,1552,681,f09730a64f11bc23e5a4051e5ae5b35f0a3a6575abd3e88389fb2fa63cfb35b0,1024,1024,0.7059133412392214,0.5454915530318443,0.7973817316335203,0.6332703213697243
427,Utrecht,21,21,MedSAM-LoRA,True,2228,4157,2024,2133,204,06047bae5829453427ba320000fa705d8886f8c03bbc8e760b8ca3fe9ce96d6e,1024,1024,0.6339859044693189,0.46411373539408135,0.9084380610454024,0.48688958384683934
427,Utrecht,21,21,U-Net,True,2228,4127,2102,2025,126,06047bae5829453427ba320000fa705d8886f8c03bbc8e760b8ca3fe9ce96d6e,1024,1024,0.6615263572043819,0.4942393604633379,0.9434470377045131,0.5093288102856959
428,Utrecht,21,22,MedSAM-LoRA,True,3849,6014,3563,2451,286,35a183f4dc008999ebd9be2cf59cd811472749d4536059865fdb3b262947e476,1024,1024,0.7224982256947936,0.5655555555624515,0.9256949857125046,0.5924509477952702
428,Utrecht,21,22,U-Net,True,3849,7742,3669,4073,180,35a183f4dc008999ebd9be2cf59cd811472749d4536059865fdb3b262947e476,1024,1024,0.6330773876314979,0.4631406210620659,0.9532346063924855,0.4739085507688723
429,Utrecht,21,23,MedSAM-LoRA,True,5045,7277,4731,2546,314,8756d2bf040429a65770f998f5d26d2ae907f48d330121255f44f6a7957b170b,1024,1024,0.7678948222709958,0.6232380450583159,0.9377601585740781,0.6501305483076799
429,Utrecht,21,23,U-Net,True,5045,8197,4812,3385,233,8756d2bf040429a65770f998f5d26d2ae907f48d330121255f44f6a7957b170b,1024,1024,0.726778432263051,0.5708185053431694,0.9538156590693,0.5870440405076607
430,Utrecht,21,24,MedSAM-LoRA,True,7075,7631,5949,1682,1126,4768afd6bb7ff63a935bc2b4387fa44f2998b6840d228ebb022f7b324d990ed1,1024,1024,0.8090575275410781,0.6793422404969813,0.840848056539352,0.7795832787343784
430,Utrecht,21,24,U-Net,True,7075,9472,6490,2982,585,4768afd6bb7ff63a935bc2b4387fa44f2998b6840d228ebb022f7b324d990ed1,1024,1024,0.7844322233650545,0.6453216665044712,0.9173144876336775,0.6851773648681885
431,Utrecht,21,25,MedSAM-LoRA,True,7419,9452,6801,2651,618,dbc41c28c86222eeeadcaf56d9642185dfba0a0a09e9ee88987421bdbbf2aa87,1024,1024,0.806235552132024,0.6753723932504928,0.9167003639315716,0.7195302581493913
431,Utrecht,21,25,U-Net,True,7419,11995,7007,4988,412,dbc41c28c86222eeeadcaf56d9642185dfba0a0a09e9ee88987421bdbbf2aa87,1024,1024,0.7218502111892353,0.5647618280038303,0.9444669092877144,0.5841600666979228
432,Utrecht,21,26,MedSAM-LoRA,True,9534,11946,8551,3395,983,9b526111ae752c3c5df522c9967b901e390401e9e6876a753e44357eedc3c82c,1024,1024,0.7961824953454554,0.6613813906747515,0.8968953220065357,0.7158044533758932
432,Utrecht,21,26,U-Net,True,9534,13221,8890,4331,644,9b526111ae752c3c5df522c9967b901e390401e9e6876a753e44357eedc3c82c,1024,1024,0.7813667325872056,0.6411828344778855,0.9324522760653193,0.6724150971963361
433,Utrecht,21,27,MedSAM-LoRA,True,10617,12483,9687,2796,930,41e479b5c5a19d5ddab8a4c9502c6177bfc07fe0ee2bd2192591d410b0133ee2,1024,1024,0.838701298701997,0.7222097964681861,0.912404634078248,0.7760153809198429
433,Utrecht,21,27,U-Net,True,10617,14134,9916,4218,701,41e479b5c5a19d5ddab8a4c9502c6177bfc07fe0ee2bd2192591d410b0133ee2,1024,1024,0.8012605551298887,0.6684192787349618,0.9339738155794106,0.7015706806303837
434,Utrecht,21,28,MedSAM-LoRA,True,13960,14624,12208,2416,1752,3a13a0a286bfe7ec9d575b40cd045eadf24a5835d0ec148f89a0e56381fea447,1024,1024,0.8541841589705633,0.7454811919898298,0.8744985673361426,0.8347921225394229
434,Utrecht,21,28,U-Net,True,13960,14474,12069,2405,1891,3a13a0a286bfe7ec9d575b40cd045eadf24a5835d0ec148f89a0e56381fea447,1024,1024,0.8489132728429032,0.7374885426230523,0.8645415472789073,0.8338399889468437
435,Utrecht,21,29,MedSAM-LoRA,True,9321,11208,8170,3038,1151,e98a8274dcfbc7832638aca00dba203db1613f33304d95dc72094e34129022f6,1024,1024,0.7959471966496373,0.6610567198020789,0.876515395345172,0.7289436117083427
435,Utrecht,21,29,U-Net,True,9321,13054,8501,4553,820,e98a8274dcfbc7832638aca00dba203db1613f33304d95dc72094e34129022f6,1024,1024,0.7598659217887828,0.6127288453249767,0.9120266065882199,0.6512180174685827
436,Utrecht,21,30,MedSAM-LoRA,True,19134,16022,13855,2167,5279,f3df5533630a07990de3325703c3a73cdb915e2da4b799c024900014f4baea73,1024,1024,0.7882011605421886,0.650438946529973,0.724103689768349,0.8647484708534219
436,Utrecht,21,30,U-Net,True,19134,18205,15373,2832,3761,f3df5533630a07990de3325703c3a73cdb915e2da4b799c024900014f4baea73,1024,1024,0.8234285867328439,0.6998543203145777,0.8034389045688124,0.8444383411159327
437,Utrecht,21,31,MedSAM-LoRA,True,13084,16554,11680,4874,1404,c9e8a42a5834468f62c621b10924ae212ec5b64edb3b2dfc9e03786b9d133ac6,1024,1024,0.7881773399021925,0.6504065040669874,0.8926933659439568,0.7055696508414548
437,Utrecht,21,31,U-Net,True,13084,15205,10896,4309,2188,c9e8a42a5834468f62c621b10924ae212ec5b64edb3b2dfc9e03786b9d133ac6,1024,1024,0.7703347590944525,0.6264589202574228,0.8327728523400124,0.7166063794822979
438,Utrecht,21,32,MedSAM-LoRA,True,13369,13096,10829,2267,2540,45958430ba50738a25c232e1f6a261dc3a7d4f15cf71f0ff8637fbcf7d30cee5,1024,1024,0.8183638768191258,0.6925684318259621,0.8100082279915476,0.8268937080037654
438,Utrecht,21,32,U-Net,True,13369,14859,11378,3481,1991,45958430ba50738a25c232e1f6a261dc3a7d4f15cf71f0ff8637fbcf7d30cee5,1024,1024,0.8061499220638864,0.6752522255212151,0.8510733787130595,0.7657312066776651
439,Utrecht,21,33,MedSAM-LoRA,True,15478,15576,13719,1857,1759,ce2b138c7798b6ccfd594841f5a0ec8776e417f0c2f66c3da1a0120a0d9bc1f3,1024,1024,0.8835576737300073,0.7914046726288353,0.8863548262056703,0.8807781201856653
439,Utrecht,21,33,U-Net,True,15478,16201,13486,2715,1992,ce2b138c7798b6ccfd594841f5a0ec8776e417f0c2f66c3da1a0120a0d9bc1f3,1024,1024,0.8514157643869711,0.7412741164198248,0.8713012017064782,0.8324177519916522
440,Utrecht,21,34,MedSAM-LoRA,True,12605,15332,12064,3268,541,08b97a681908fd02954b443608ede11c7e4df2534bf054a02a3e837934d7bdcb,1024,1024,0.8636575151238012,0.7600327600342719,0.9570805236020858,0.7868510305257836
440,Utrecht,21,34,U-Net,True,12605,15028,11566,3462,1039,08b97a681908fd02954b443608ede11c7e4df2534bf054a02a3e837934d7bdcb,1024,1024,0.8371150436078706,0.7198605838070589,0.9175723919086269,0.7696300239568165
441,Utrecht,21,35,MedSAM-LoRA,True,3437,8581,3316,5265,121,0df8eed203c09c9aaf734a5e23aad1051088373028901764cc75b0c451ec52be,1024,1024,0.5518389083079394,0.38106182487495904,0.9647948792561887,0.386435147425866
441,Utrecht,21,35,U-Net,True,3437,7926,3224,4702,213,0df8eed203c09c9aaf734a5e23aad1051088373028901764cc75b0c451ec52be,1024,1024,0.5674557775273479,0.396117459154735,0.9380273494344479,0.4067625536284789
442,Utrecht,21,36,MedSAM-LoRA,True,1482,2945,1287,1658,195,bd38cdc1dd2f44e67a10fbebac8dede83a3e8f31bf8b52e2f44ec8a2c1c2d198,1024,1024,0.5814321210846751,0.4098726114837621,0.8684210526404574,0.4370118845692017
442,Utrecht,21,36,U-Net,True,1482,3154,1275,1879,207,bd38cdc1dd2f44e67a10fbebac8dede83a3e8f31bf8b52e2f44ec8a2c1c2d198,1024,1024,0.5500431406481872,0.3793513835352767,0.860323886649101,0.40424857325921854
443,Utrecht,21,37,MedSAM-LoRA,True,485,631,384,247,101,64a97fefe833ffc7f83ad98a8307e917c3a1314f20eed192550f036ada008c85,1024,1024,0.6881720430386942,0.524590163999373,0.7917525773625252,0.608557844753002
443,Utrecht,21,37,U-Net,True,485,523,251,272,234,64a97fefe833ffc7f83ad98a8307e917c3a1314f20eed192550f036ada008c85,1024,1024,0.4980158730656731,0.3315719948042838,0.5175257732953554,0.47992351826387697
444,Utrecht,21,38,MedSAM-LoRA,True,786,684,534,150,252,78aaf6ab910cf90d9a36aeb8ec7166e85bb21d49038dc42cd657a1d443d4c7a1,1024,1024,0.7265306122635014,0.5705128205587059,0.6793893130178894,0.780701754418026
444,Utrecht,21,38,U-Net,True,786,623,400,223,386,78aaf6ab910cf90d9a36aeb8ec7166e85bb21d49038dc42cd657a1d443d4c7a1,1024,1024,0.5677785663897956,0.39643211106080956,0.508905852479783,0.6420545746962995
445,Utrecht,21,39,MedSAM-LoRA,True,474,416,322,94,152,896c71ee83bc61b7a15ba51f605f757cf9f51b52d4eaf2c14a66e67f72ae64be,1024,1024,0.7235955056490342,0.566901408526954,0.679324894582421,0.7740384615927792
445,Utrecht,21,39,U-Net,True,474,563,315,248,159,896c71ee83bc61b7a15ba51f605f757cf9f51b52d4eaf2c14a66e67f72ae64be,1024,1024,0.607521697241319,0.43628808872073577,0.6645569620960851,0.5595026643766425
446,Utrecht,21,40,MedSAM-LoRA,True,483,727,403,324,80,e667b8f17d0f56da841d5d50f272d72fa25c8210e3608377383c1d6a6c075701,1024,1024,0.6661157025069325,0.4993804213755415,0.8343685300549961,0.5543328748893628
446,Utrecht,21,40,U-Net,True,483,445,324,121,159,e667b8f17d0f56da841d5d50f272d72fa25c8210e3608377383c1d6a6c075701,1024,1024,0.6982758621014789,0.5364238411363538,0.6708074534843049,0.7280898877015528
447,Utrecht,21,41,MedSAM-LoRA,True,256,537,241,296,15,e07d6e53092b41396752af3528a888297c88cff6beb0518ab76cd2370824898a,1024,1024,0.6078184111465551,0.436594203000617,0.941406250022888,0.44878957179724593
447,Utrecht,21,41,U-Net,True,256,188,52,136,204,e07d6e53092b41396752af3528a888297c88cff6beb0518ab76cd2370824898a,1024,1024,0.234234234406704,0.13265306144575176,0.20312500031127928,0.27659574506564055
448,Utrecht,21,42,MedSAM-LoRA,True,373,497,269,228,104,03da90eb22ec8324ba007bce790c9cf756f87791118d45623c791435a79f2963,1024,1024,0.6183908046415643,0.44758735450123344,0.7211796247396302,0.5412474850017611
448,Utrecht,21,42,U-Net,True,373,0,0,0,373,03da90eb22ec8324ba007bce790c9cf756f87791118d45623c791435a79f2963,1024,1024,2.6809651467343253e-10,2.6809651467343253e-10,2.6809651467343253e-10,1.0
449,Utrecht,21,43,MedSAM-LoRA,True,389,495,334,161,55,9a7430a273a875d8ac1f87e51b8f93757343aad744ec6add3a9a2200e6ee7c01,1024,1024,0.7556561086249257,0.6072727273441323,0.8586118252291486,0.6747474748131823
449,Utrecht,21,43,U-Net,True,389,0,0,0,389,9a7430a273a875d8ac1f87e51b8f93757343aad744ec6add3a9a2200e6ee7c01,1024,1024,2.570694086742752e-10,2.570694086742752e-10,2.570694086742752e-10,1.0
450,Utrecht,21,44,MedSAM-LoRA,False,0,0,0,0,0,3d6aff2f550e45ca7bf08c1719e9ac3f0bfda23a437d7c60cc407186461df225,1024,1024,1.0,1.0,1.0,1.0
450,Utrecht,21,44,U-Net,False,0,0,0,0,0,3d6aff2f550e45ca7bf08c1719e9ac3f0bfda23a437d7c60cc407186461df225,1024,1024,1.0,1.0,1.0,1.0
451,Utrecht,21,45,MedSAM-LoRA,False,0,0,0,0,0,3d6aff2f550e45ca7bf08c1719e9ac3f0bfda23a437d7c60cc407186461df225,1024,1024,1.0,1.0,1.0,1.0
451,Utrecht,21,45,U-Net,False,0,0,0,0,0,3d6aff2f550e45ca7bf08c1719e9ac3f0bfda23a437d7c60cc407186461df225,1024,1024,1.0,1.0,1.0,1.0
452,Utrecht,21,46,MedSAM-LoRA,False,0,0,0,0,0,3d6aff2f550e45ca7bf08c1719e9ac3f0bfda23a437d7c60cc407186461df225,1024,1024,1.0,1.0,1.0,1.0
452,Utrecht,21,46,U-Net,False,0,0,0,0,0,3d6aff2f550e45ca7bf08c1719e9ac3f0bfda23a437d7c60cc407186461df225,1024,1024,1.0,1.0,1.0,1.0
453,Utrecht,21,47,MedSAM-LoRA,False,0,0,0,0,0,3d6aff2f550e45ca7bf08c1719e9ac3f0bfda23a437d7c60cc407186461df225,1024,1024,1.0,1.0,1.0,1.0
453,Utrecht,21,47,U-Net,False,0,0,0,0,0,3d6aff2f550e45ca7bf08c1719e9ac3f0bfda23a437d7c60cc407186461df225,1024,1024,1.0,1.0,1.0,1.0
454,Amsterdam,116,0,MedSAM-LoRA,False,0,0,0,0,0,3d6aff2f550e45ca7bf08c1719e9ac3f0bfda23a437d7c60cc407186461df225,1024,1024,1.0,1.0,1.0,1.0
454,Amsterdam,116,0,U-Net,False,0,0,0,0,0,3d6aff2f550e45ca7bf08c1719e9ac3f0bfda23a437d7c60cc407186461df225,1024,1024,1.0,1.0,1.0,1.0
455,Amsterdam,116,1,MedSAM-LoRA,False,0,0,0,0,0,3d6aff2f550e45ca7bf08c1719e9ac3f0bfda23a437d7c60cc407186461df225,1024,1024,1.0,1.0,1.0,1.0
455,Amsterdam,116,1,U-Net,False,0,1000,0,1000,0,3d6aff2f550e45ca7bf08c1719e9ac3f0bfda23a437d7c60cc407186461df225,1024,1024,9.999999999e-11,9.999999999e-11,1.0,9.999999999e-11
456,Amsterdam,116,2,MedSAM-LoRA,False,0,0,0,0,0,3d6aff2f550e45ca7bf08c1719e9ac3f0bfda23a437d7c60cc407186461df225,1024,1024,1.0,1.0,1.0,1.0
456,Amsterdam,116,2,U-Net,False,0,3677,0,3677,0,3d6aff2f550e45ca7bf08c1719e9ac3f0bfda23a437d7c60cc407186461df225,1024,1024,2.7196083763198365e-11,2.7196083763198365e-11,1.0,2.7196083763198365e-11
457,Amsterdam,116,3,MedSAM-LoRA,False,0,0,0,0,0,3d6aff2f550e45ca7bf08c1719e9ac3f0bfda23a437d7c60cc407186461df225,1024,1024,1.0,1.0,1.0,1.0
457,Amsterdam,116,3,U-Net,False,0,643,0,643,0,3d6aff2f550e45ca7bf08c1719e9ac3f0bfda23a437d7c60cc407186461df225,1024,1024,1.5552099531018336e-10,1.5552099531018336e-10,1.0,1.5552099531018336e-10
458,Amsterdam,116,4,MedSAM-LoRA,False,0,0,0,0,0,3d6aff2f550e45ca7bf08c1719e9ac3f0bfda23a437d7c60cc407186461df225,1024,1024,1.0,1.0,1.0,1.0
458,Amsterdam,116,4,U-Net,False,0,300,0,300,0,3d6aff2f550e45ca7bf08c1719e9ac3f0bfda23a437d7c60cc407186461df225,1024,1024,3.333333332222222e-10,3.333333332222222e-10,1.0,3.333333332222222e-10
459,Amsterdam,116,5,MedSAM-LoRA,False,0,0,0,0,0,3d6aff2f550e45ca7bf08c1719e9ac3f0bfda23a437d7c60cc407186461df225,1024,1024,1.0,1.0,1.0,1.0
459,Amsterdam,116,5,U-Net,False,0,137,0,137,0,3d6aff2f550e45ca7bf08c1719e9ac3f0bfda23a437d7c60cc407186461df225,1024,1024,7.299270067664766e-10,7.299270067664766e-10,1.0,7.299270067664766e-10
460,Amsterdam,116,6,MedSAM-LoRA,False,0,0,0,0,0,3d6aff2f550e45ca7bf08c1719e9ac3f0bfda23a437d7c60cc407186461df225,1024,1024,1.0,1.0,1.0,1.0
460,Amsterdam,116,6,U-Net,False,0,0,0,0,0,3d6aff2f550e45ca7bf08c1719e9ac3f0bfda23a437d7c60cc407186461df225,1024,1024,1.0,1.0,1.0,1.0
461,Amsterdam,116,7,MedSAM-LoRA,False,0,0,0,0,0,3d6aff2f550e45ca7bf08c1719e9ac3f0bfda23a437d7c60cc407186461df225,1024,1024,1.0,1.0,1.0,1.0
461,Amsterdam,116,7,U-Net,False,0,0,0,0,0,3d6aff2f550e45ca7bf08c1719e9ac3f0bfda23a437d7c60cc407186461df225,1024,1024,1.0,1.0,1.0,1.0
462,Amsterdam,116,8,MedSAM-LoRA,False,0,0,0,0,0,3d6aff2f550e45ca7bf08c1719e9ac3f0bfda23a437d7c60cc407186461df225,1024,1024,1.0,1.0,1.0,1.0
462,Amsterdam,116,8,U-Net,False,0,0,0,0,0,3d6aff2f550e45ca7bf08c1719e9ac3f0bfda23a437d7c60cc407186461df225,1024,1024,1.0,1.0,1.0,1.0
463,Amsterdam,116,9,MedSAM-LoRA,False,0,0,0,0,0,3d6aff2f550e45ca7bf08c1719e9ac3f0bfda23a437d7c60cc407186461df225,1024,1024,1.0,1.0,1.0,1.0
463,Amsterdam,116,9,U-Net,False,0,104,0,104,0,3d6aff2f550e45ca7bf08c1719e9ac3f0bfda23a437d7c60cc407186461df225,1024,1024,9.615384606139053e-10,9.615384606139053e-10,1.0,9.615384606139053e-10
464,Amsterdam,116,10,MedSAM-LoRA,False,0,0,0,0,0,3d6aff2f550e45ca7bf08c1719e9ac3f0bfda23a437d7c60cc407186461df225,1024,1024,1.0,1.0,1.0,1.0
464,Amsterdam,116,10,U-Net,False,0,31,0,31,0,3d6aff2f550e45ca7bf08c1719e9ac3f0bfda23a437d7c60cc407186461df225,1024,1024,3.2258064412070756e-09,3.2258064412070756e-09,1.0,3.2258064412070756e-09
465,Amsterdam,116,11,MedSAM-LoRA,False,0,0,0,0,0,3d6aff2f550e45ca7bf08c1719e9ac3f0bfda23a437d7c60cc407186461df225,1024,1024,1.0,1.0,1.0,1.0
465,Amsterdam,116,11,U-Net,False,0,0,0,0,0,3d6aff2f550e45ca7bf08c1719e9ac3f0bfda23a437d7c60cc407186461df225,1024,1024,1.0,1.0,1.0,1.0
466,Amsterdam,116,12,MedSAM-LoRA,False,0,0,0,0,0,3d6aff2f550e45ca7bf08c1719e9ac3f0bfda23a437d7c60cc407186461df225,1024,1024,1.0,1.0,1.0,1.0
466,Amsterdam,116,12,U-Net,False,0,0,0,0,0,3d6aff2f550e45ca7bf08c1719e9ac3f0bfda23a437d7c60cc407186461df225,1024,1024,1.0,1.0,1.0,1.0
467,Amsterdam,116,13,MedSAM-LoRA,False,0,0,0,0,0,3d6aff2f550e45ca7bf08c1719e9ac3f0bfda23a437d7c60cc407186461df225,1024,1024,1.0,1.0,1.0,1.0
467,Amsterdam,116,13,U-Net,False,0,0,0,0,0,3d6aff2f550e45ca7bf08c1719e9ac3f0bfda23a437d7c60cc407186461df225,1024,1024,1.0,1.0,1.0,1.0
468,Amsterdam,116,14,MedSAM-LoRA,False,0,0,0,0,0,3d6aff2f550e45ca7bf08c1719e9ac3f0bfda23a437d7c60cc407186461df225,1024,1024,1.0,1.0,1.0,1.0
468,Amsterdam,116,14,U-Net,False,0,0,0,0,0,3d6aff2f550e45ca7bf08c1719e9ac3f0bfda23a437d7c60cc407186461df225,1024,1024,1.0,1.0,1.0,1.0
469,Amsterdam,116,15,MedSAM-LoRA,False,0,0,0,0,0,3d6aff2f550e45ca7bf08c1719e9ac3f0bfda23a437d7c60cc407186461df225,1024,1024,1.0,1.0,1.0,1.0
469,Amsterdam,116,15,U-Net,False,0,0,0,0,0,3d6aff2f550e45ca7bf08c1719e9ac3f0bfda23a437d7c60cc407186461df225,1024,1024,1.0,1.0,1.0,1.0
470,Amsterdam,116,16,MedSAM-LoRA,False,0,0,0,0,0,3d6aff2f550e45ca7bf08c1719e9ac3f0bfda23a437d7c60cc407186461df225,1024,1024,1.0,1.0,1.0,1.0
470,Amsterdam,116,16,U-Net,False,0,0,0,0,0,3d6aff2f550e45ca7bf08c1719e9ac3f0bfda23a437d7c60cc407186461df225,1024,1024,1.0,1.0,1.0,1.0
471,Amsterdam,116,17,MedSAM-LoRA,False,0,0,0,0,0,3d6aff2f550e45ca7bf08c1719e9ac3f0bfda23a437d7c60cc407186461df225,1024,1024,1.0,1.0,1.0,1.0
471,Amsterdam,116,17,U-Net,False,0,0,0,0,0,3d6aff2f550e45ca7bf08c1719e9ac3f0bfda23a437d7c60cc407186461df225,1024,1024,1.0,1.0,1.0,1.0
472,Amsterdam,116,18,MedSAM-LoRA,False,0,0,0,0,0,3d6aff2f550e45ca7bf08c1719e9ac3f0bfda23a437d7c60cc407186461df225,1024,1024,1.0,1.0,1.0,1.0
472,Amsterdam,116,18,U-Net,False,0,0,0,0,0,3d6aff2f550e45ca7bf08c1719e9ac3f0bfda23a437d7c60cc407186461df225,1024,1024,1.0,1.0,1.0,1.0
473,Amsterdam,116,19,MedSAM-LoRA,False,0,0,0,0,0,3d6aff2f550e45ca7bf08c1719e9ac3f0bfda23a437d7c60cc407186461df225,1024,1024,1.0,1.0,1.0,1.0
473,Amsterdam,116,19,U-Net,False,0,0,0,0,0,3d6aff2f550e45ca7bf08c1719e9ac3f0bfda23a437d7c60cc407186461df225,1024,1024,1.0,1.0,1.0,1.0
474,Amsterdam,116,20,MedSAM-LoRA,False,0,0,0,0,0,3d6aff2f550e45ca7bf08c1719e9ac3f0bfda23a437d7c60cc407186461df225,1024,1024,1.0,1.0,1.0,1.0
474,Amsterdam,116,20,U-Net,False,0,0,0,0,0,3d6aff2f550e45ca7bf08c1719e9ac3f0bfda23a437d7c60cc407186461df225,1024,1024,1.0,1.0,1.0,1.0
475,Amsterdam,116,21,MedSAM-LoRA,False,0,0,0,0,0,3d6aff2f550e45ca7bf08c1719e9ac3f0bfda23a437d7c60cc407186461df225,1024,1024,1.0,1.0,1.0,1.0
475,Amsterdam,116,21,U-Net,False,0,0,0,0,0,3d6aff2f550e45ca7bf08c1719e9ac3f0bfda23a437d7c60cc407186461df225,1024,1024,1.0,1.0,1.0,1.0
476,Amsterdam,116,22,MedSAM-LoRA,False,0,0,0,0,0,3d6aff2f550e45ca7bf08c1719e9ac3f0bfda23a437d7c60cc407186461df225,1024,1024,1.0,1.0,1.0,1.0
476,Amsterdam,116,22,U-Net,False,0,0,0,0,0,3d6aff2f550e45ca7bf08c1719e9ac3f0bfda23a437d7c60cc407186461df225,1024,1024,1.0,1.0,1.0,1.0
477,Amsterdam,116,23,MedSAM-LoRA,False,0,0,0,0,0,3d6aff2f550e45ca7bf08c1719e9ac3f0bfda23a437d7c60cc407186461df225,1024,1024,1.0,1.0,1.0,1.0
477,Amsterdam,116,23,U-Net,False,0,0,0,0,0,3d6aff2f550e45ca7bf08c1719e9ac3f0bfda23a437d7c60cc407186461df225,1024,1024,1.0,1.0,1.0,1.0
478,Amsterdam,116,24,MedSAM-LoRA,False,0,0,0,0,0,3d6aff2f550e45ca7bf08c1719e9ac3f0bfda23a437d7c60cc407186461df225,1024,1024,1.0,1.0,1.0,1.0
478,Amsterdam,116,24,U-Net,False,0,0,0,0,0,3d6aff2f550e45ca7bf08c1719e9ac3f0bfda23a437d7c60cc407186461df225,1024,1024,1.0,1.0,1.0,1.0
479,Amsterdam,116,25,MedSAM-LoRA,False,0,0,0,0,0,3d6aff2f550e45ca7bf08c1719e9ac3f0bfda23a437d7c60cc407186461df225,1024,1024,1.0,1.0,1.0,1.0
479,Amsterdam,116,25,U-Net,False,0,0,0,0,0,3d6aff2f550e45ca7bf08c1719e9ac3f0bfda23a437d7c60cc407186461df225,1024,1024,1.0,1.0,1.0,1.0
480,Amsterdam,116,26,MedSAM-LoRA,False,0,0,0,0,0,3d6aff2f550e45ca7bf08c1719e9ac3f0bfda23a437d7c60cc407186461df225,1024,1024,1.0,1.0,1.0,1.0
480,Amsterdam,116,26,U-Net,False,0,0,0,0,0,3d6aff2f550e45ca7bf08c1719e9ac3f0bfda23a437d7c60cc407186461df225,1024,1024,1.0,1.0,1.0,1.0
481,Amsterdam,116,27,MedSAM-LoRA,False,0,0,0,0,0,3d6aff2f550e45ca7bf08c1719e9ac3f0bfda23a437d7c60cc407186461df225,1024,1024,1.0,1.0,1.0,1.0
481,Amsterdam,116,27,U-Net,False,0,0,0,0,0,3d6aff2f550e45ca7bf08c1719e9ac3f0bfda23a437d7c60cc407186461df225,1024,1024,1.0,1.0,1.0,1.0
482,Amsterdam,116,28,MedSAM-LoRA,False,0,0,0,0,0,3d6aff2f550e45ca7bf08c1719e9ac3f0bfda23a437d7c60cc407186461df225,1024,1024,1.0,1.0,1.0,1.0
482,Amsterdam,116,28,U-Net,False,0,0,0,0,0,3d6aff2f550e45ca7bf08c1719e9ac3f0bfda23a437d7c60cc407186461df225,1024,1024,1.0,1.0,1.0,1.0
483,Amsterdam,116,29,MedSAM-LoRA,False,0,0,0,0,0,3d6aff2f550e45ca7bf08c1719e9ac3f0bfda23a437d7c60cc407186461df225,1024,1024,1.0,1.0,1.0,1.0
483,Amsterdam,116,29,U-Net,False,0,0,0,0,0,3d6aff2f550e45ca7bf08c1719e9ac3f0bfda23a437d7c60cc407186461df225,1024,1024,1.0,1.0,1.0,1.0
484,Amsterdam,116,30,MedSAM-LoRA,False,0,0,0,0,0,3d6aff2f550e45ca7bf08c1719e9ac3f0bfda23a437d7c60cc407186461df225,1024,1024,1.0,1.0,1.0,1.0
484,Amsterdam,116,30,U-Net,False,0,33,0,33,0,3d6aff2f550e45ca7bf08c1719e9ac3f0bfda23a437d7c60cc407186461df225,1024,1024,3.0303030211202937e-09,3.0303030211202937e-09,1.0,3.0303030211202937e-09
485,Amsterdam,116,31,MedSAM-LoRA,False,0,0,0,0,0,3d6aff2f550e45ca7bf08c1719e9ac3f0bfda23a437d7c60cc407186461df225,1024,1024,1.0,1.0,1.0,1.0
485,Amsterdam,116,31,U-Net,False,0,0,0,0,0,3d6aff2f550e45ca7bf08c1719e9ac3f0bfda23a437d7c60cc407186461df225,1024,1024,1.0,1.0,1.0,1.0
486,Amsterdam,116,32,MedSAM-LoRA,False,0,0,0,0,0,3d6aff2f550e45ca7bf08c1719e9ac3f0bfda23a437d7c60cc407186461df225,1024,1024,1.0,1.0,1.0,1.0
486,Amsterdam,116,32,U-Net,False,0,0,0,0,0,3d6aff2f550e45ca7bf08c1719e9ac3f0bfda23a437d7c60cc407186461df225,1024,1024,1.0,1.0,1.0,1.0
487,Amsterdam,116,33,MedSAM-LoRA,False,0,0,0,0,0,3d6aff2f550e45ca7bf08c1719e9ac3f0bfda23a437d7c60cc407186461df225,1024,1024,1.0,1.0,1.0,1.0
487,Amsterdam,116,33,U-Net,False,0,0,0,0,0,3d6aff2f550e45ca7bf08c1719e9ac3f0bfda23a437d7c60cc407186461df225,1024,1024,1.0,1.0,1.0,1.0
488,Amsterdam,116,34,MedSAM-LoRA,False,0,0,0,0,0,3d6aff2f550e45ca7bf08c1719e9ac3f0bfda23a437d7c60cc407186461df225,1024,1024,1.0,1.0,1.0,1.0
488,Amsterdam,116,34,U-Net,False,0,49,0,49,0,3d6aff2f550e45ca7bf08c1719e9ac3f0bfda23a437d7c60cc407186461df225,1024,1024,2.040816322365681e-09,2.040816322365681e-09,1.0,2.040816322365681e-09
489,Amsterdam,116,35,MedSAM-LoRA,False,0,0,0,0,0,3d6aff2f550e45ca7bf08c1719e9ac3f0bfda23a437d7c60cc407186461df225,1024,1024,1.0,1.0,1.0,1.0
489,Amsterdam,116,35,U-Net,False,0,717,0,717,0,3d6aff2f550e45ca7bf08c1719e9ac3f0bfda23a437d7c60cc407186461df225,1024,1024,1.394700139275495e-10,1.394700139275495e-10,1.0,1.394700139275495e-10
490,Amsterdam,116,36,MedSAM-LoRA,False,0,0,0,0,0,3d6aff2f550e45ca7bf08c1719e9ac3f0bfda23a437d7c60cc407186461df225,1024,1024,1.0,1.0,1.0,1.0
490,Amsterdam,116,36,U-Net,False,0,124,0,124,0,3d6aff2f550e45ca7bf08c1719e9ac3f0bfda23a437d7c60cc407186461df225,1024,1024,8.064516122528616e-10,8.064516122528616e-10,1.0,8.064516122528616e-10
491,Amsterdam,116,37,MedSAM-LoRA,False,0,0,0,0,0,3d6aff2f550e45ca7bf08c1719e9ac3f0bfda23a437d7c60cc407186461df225,1024,1024,1.0,1.0,1.0,1.0
491,Amsterdam,116,37,U-Net,False,0,44,0,44,0,3d6aff2f550e45ca7bf08c1719e9ac3f0bfda23a437d7c60cc407186461df225,1024,1024,2.2727272675619835e-09,2.2727272675619835e-09,1.0,2.2727272675619835e-09
492,Amsterdam,116,38,MedSAM-LoRA,False,0,0,0,0,0,3d6aff2f550e45ca7bf08c1719e9ac3f0bfda23a437d7c60cc407186461df225,1024,1024,1.0,1.0,1.0,1.0
492,Amsterdam,116,38,U-Net,False,0,129,0,129,0,3d6aff2f550e45ca7bf08c1719e9ac3f0bfda23a437d7c60cc407186461df225,1024,1024,7.75193797848687e-10,7.75193797848687e-10,1.0,7.75193797848687e-10
493,Amsterdam,116,39,MedSAM-LoRA,False,0,0,0,0,0,3d6aff2f550e45ca7bf08c1719e9ac3f0bfda23a437d7c60cc407186461df225,1024,1024,1.0,1.0,1.0,1.0
493,Amsterdam,116,39,U-Net,False,0,261,0,261,0,3d6aff2f550e45ca7bf08c1719e9ac3f0bfda23a437d7c60cc407186461df225,1024,1024,3.8314176230530963e-10,3.8314176230530963e-10,1.0,3.8314176230530963e-10
494,Amsterdam,116,40,MedSAM-LoRA,True,152,153,131,22,21,975453a251918f4a116cbefcc0f598a3dbfb73d41e232615626c2c9106759c83,1024,1024,0.8590163934888471,0.7528735633604174,0.8618421053540513,0.8562091504207783
494,Amsterdam,116,40,U-Net,True,152,1629,152,1477,0,975453a251918f4a116cbefcc0f598a3dbfb73d41e232615626c2c9106759c83,1024,1024,0.17069062329193202,0.09330877844731068,1.0,0.09330877844731068
495,Amsterdam,116,41,MedSAM-LoRA,True,1548,1587,1413,174,135,cf477f835f64b5e661a2c74f06aadef0e746996342f63cf61b004a8545051036,1024,1024,0.9014354067017086,0.8205574912996192,0.9127906976800523,0.8903591682488746
495,Amsterdam,116,41,U-Net,True,1548,2434,1512,922,36,cf477f835f64b5e661a2c74f06aadef0e746996342f63cf61b004a8545051036,1024,1024,0.7594173782079503,0.6121457490035569,0.9767441860480139,0.6211996713384882
496,Amsterdam,116,42,MedSAM-LoRA,True,3808,3913,3268,645,540,f50cfdb2469a2cd15290c853fa64e1983ff0eda60564974ea18f0f4df35b0353,1024,1024,0.8465224711844771,0.7338872670169798,0.8581932773146482,0.8351648351690477
496,Amsterdam,116,42,U-Net,True,3808,4460,3236,1224,572,f50cfdb2469a2cd15290c853fa64e1983ff0eda60564974ea18f0f4df35b0353,1024,1024,0.782776971458844,0.6430842607384125,0.8497899159703312,0.7255605381227452
497,Amsterdam,116,43,MedSAM-LoRA,True,2324,2356,1945,411,379,71867c8fce631d8c70b0fb610a10f699ea37abe11cc383664b73c9736de3d576,1024,1024,0.8311965812001881,0.7111517367564479,0.8369191049984115,0.8255517826899172
497,Amsterdam,116,43,U-Net,True,2324,3648,2070,1578,254,71867c8fce631d8c70b0fb610a10f699ea37abe11cc383664b73c9736de3d576,1024,1024,0.6932350971250295,0.5304971809448873,0.8907056798670092,0.5674342105381733
498,Amsterdam,116,44,MedSAM-LoRA,True,1584,2039,1229,810,355,c1a972c8394c7a265c35c5d40281ee23fe1e0fa64d1799871b42f0da47acee3a,1024,1024,0.6784432790593861,0.5133667502291828,0.7758838383979871,0.6027464443549413
498,Amsterdam,116,44,U-Net,True,1584,3323,1243,2080,341,c1a972c8394c7a265c35c5d40281ee23fe1e0fa64d1799871b42f0da47acee3a,1024,1024,0.5066231913693372,0.3392467249088634,0.784722222235813,0.37405958473144574
499,Amsterdam,116,45,MedSAM-LoRA,True,1160,1337,1010,327,150,45aa1534b2533fce623b4ca2c1b149f459128d09ee44e3702cfa8f08b07e432b,1024,1024,0.8089707649255519,0.6792199058722783,0.8706896551835611,0.7554225879016138
499,Amsterdam,116,45,U-Net,True,1160,1864,1096,768,64,45aa1534b2533fce623b4ca2c1b149f459128d09ee44e3702cfa8f08b07e432b,1024,1024,0.7248677248768232,0.568464730312839,0.9448275862116527,0.5879828326401297
500,Amsterdam,116,46,MedSAM-LoRA,True,372,524,307,217,65,4c2031a7166fc735e97eaa551f79b6ad8820130499459ce17ca59f6a73ae1b62,1024,1024,0.6852678571779834,0.5212224109471609,0.8252688172512719,0.5858778626744509
500,Amsterdam,116,46,U-Net,True,372,1356,333,1023,39,4c2031a7166fc735e97eaa551f79b6ad8820130499459ce17ca59f6a73ae1b62,1024,1024,0.3854166667022328,0.23870967747392763,0.8951612903507631,0.2455752212945741
501,Amsterdam,116,47,MedSAM-LoRA,False,0,0,0,0,0,3d6aff2f550e45ca7bf08c1719e9ac3f0bfda23a437d7c60cc407186461df225,1024,1024,1.0,1.0,1.0,1.0
501,Amsterdam,116,47,U-Net,False,0,109,0,109,0,3d6aff2f550e45ca7bf08c1719e9ac3f0bfda23a437d7c60cc407186461df225,1024,1024,9.174311918188705e-10,9.174311918188705e-10,1.0,9.174311918188705e-10
502,Amsterdam,116,48,MedSAM-LoRA,True,180,581,151,430,29,86fed7fb68d752f7c9b9c072a995307ef50bb58509aad9fe7288d0e0ec5e08dd,1024,1024,0.3968462550069848,0.24754098372991132,0.8388888889783951,0.2598967299036322
502,Amsterdam,116,48,U-Net,True,180,425,118,307,62,86fed7fb68d752f7c9b9c072a995307ef50bb58509aad9fe7288d0e0ec5e08dd,1024,1024,0.39008264472891196,0.2422997948167762,0.6555555557469136,0.2776470589934948
503,Amsterdam,116,49,MedSAM-LoRA,True,212,341,196,145,16,ba170cf8f835e91ce3ed81fc7eb7957ec03cb918daf1ce5e6e9627cad0a507e4,1024,1024,0.7088607595463182,0.5490196079694623,0.9245283019223923,0.5747800587757242
503,Amsterdam,116,49,U-Net,True,212,830,206,624,6,ba170cf8f835e91ce3ed81fc7eb7957ec03cb918daf1ce5e6e9627cad0a507e4,1024,1024,0.39539347414631537,0.2464114833437307,0.9716981132208972,0.24819277117491653
504,Amsterdam,116,50,MedSAM-LoRA,True,556,616,504,112,52,85c8aac577035a9be8a0c1128dc24ad6ddcd952569fe0dcc17d1f4c2df98f5c3,1024,1024,0.860068259397605,0.7544910180008247,0.906474820160706,0.8181818182113342
504,Amsterdam,116,50,U-Net,True,556,1132,555,577,1,85c8aac577035a9be8a0c1128dc24ad6ddcd952569fe0dcc17d1f4c2df98f5c3,1024,1024,0.657582938408911,0.4898499559143998,0.9982014388492444,0.49028268555739546
505,Amsterdam,116,51,MedSAM-LoRA,True,940,1253,691,562,249,5d80b7ead0faa82d561748bcf3121cebcd32a202980a961f05b5cbe23d8726dc,1024,1024,0.6301869585211953,0.46005326235285926,0.7351063830069036,0.5514764565401854
505,Amsterdam,116,51,U-Net,True,940,1226,787,439,153,5d80b7ead0faa82d561748bcf3121cebcd32a202980a961f05b5cbe23d8726dc,1024,1024,0.7266851338999685,0.570703408297991,0.837234042570507,0.6419249592461724
506,Amsterdam,116,52,MedSAM-LoRA,True,1156,1218,858,360,298,13c7c849d7286bc9127257025d7414d55e793bae1ce1087bc97c0498b56ae46a,1024,1024,0.7228306655550619,0.5659630607146462,0.742214532894272,0.7044334975612123
506,Amsterdam,116,52,U-Net,True,1156,989,660,329,496,13c7c849d7286bc9127257025d7414d55e793bae1ce1087bc97c0498b56ae46a,1024,1024,0.6153846154025463,0.44444444448185555,0.5709342560924797,0.6673407482641718
507,Amsterdam,116,53,MedSAM-LoRA,True,956,1592,751,841,205,6f3ae81c8f2b08e88bb05565c2378538dec268e3219b794ae89d9d99dc571539,1024,1024,0.5894819466409152,0.4179187535104107,0.7855648535789158,0.47173366837489106
507,Amsterdam,116,53,U-Net,True,956,1335,739,596,217,6f3ae81c8f2b08e88bb05565c2378538dec268e3219b794ae89d9d99dc571539,1024,1024,0.6451331296532025,0.4761597938481855,0.7730125523249987,0.5535580524678982
508,Amsterdam,116,54,MedSAM-LoRA,True,520,920,440,480,80,d65a6db5f5f3a41e79d576be4ce6b41759c6c68b83328675a2d99be0bb305c07,1024,1024,0.6111111111381172,0.44000000005600004,0.846153846183432,0.4782608696219282
508,Amsterdam,116,54,U-Net,True,520,2149,428,1721,92,d65a6db5f5f3a41e79d576be4ce6b41759c6c68b83328675a2d99be0bb305c07,1024,1024,0.32071937057621885,0.19098616692588194,0.8230769231109468,0.19916240115406414
509,Amsterdam,116,55,MedSAM-LoRA,True,832,1181,698,483,134,fcde978c711d7ae33144368ce17d84b848fb9f9f35032379b6b66a02e4b840ca,1024,1024,0.6934923000649035,0.5307984791231332,0.8389423077116656,0.5910245554961029
509,Amsterdam,116,55,U-Net,True,832,3081,828,2253,4,fcde978c711d7ae33144368ce17d84b848fb9f9f35032379b6b66a02e4b840ca,1024,1024,0.42320470228921026,0.2683954619361946,0.9951923076928856,0.26874391433726896
510,Amsterdam,116,56,MedSAM-LoRA,True,96,216,64,152,32,f2fc9b3689d7e75661f7bb77204414887f3884343e44b71cb349761a2ae154b0,1024,1024,0.4102564104454306,0.2580645164281998,0.6666666670138889,0.296296296622085
510,Amsterdam,116,56,U-Net,True,96,262,64,198,32,f2fc9b3689d7e75661f7bb77204414887f3884343e44b71cb349761a2ae154b0,1024,1024,0.3575418996207983,0.21768707509602478,0.6666666670138889,0.24427480944875002
511,Amsterdam,116,57,MedSAM-LoRA,True,64,160,57,103,7,1301b1c0d03af86b8e74e2a8c8a2db734f6d13e7e719fcb3e61dbd09887399e2,1024,1024,0.5089285716477997,0.3413173656638818,0.8906250001708985,0.3562500004023438
511,Amsterdam,116,57,U-Net,True,64,187,60,127,4,1301b1c0d03af86b8e74e2a8c8a2db734f6d13e7e719fcb3e61dbd09887399e2,1024,1024,0.47808764961032363,0.3141361260135413,0.9375000000976563,0.32085561533644086
512,Amsterdam,116,58,MedSAM-LoRA,True,500,535,425,110,75,8b5d36279ddc44218cd2048ba3736b09f58e0a1dfd8c6480e5944f034de24bce,1024,1024,0.8212560386646128,0.6967213115251277,0.85000000003,0.7943925234029173
512,Amsterdam,116,58,U-Net,True,500,684,431,253,69,8b5d36279ddc44218cd2048ba3736b09f58e0a1dfd8c6480e5944f034de24bce,1024,1024,0.72804054056351,0.5723771580913178,0.8620000000276,0.630116959118404
513,Amsterdam,116,59,MedSAM-LoRA,True,96,158,82,76,14,44e0f101074dd5774c7944e4bd8c4794e35e26aecac2693aa386c476397a7db8,1024,1024,0.6456692914780829,0.4767441863507301,0.8541666668185763,0.5189873420765903
513,Amsterdam,116,59,U-Net,True,96,311,83,228,13,44e0f101074dd5774c7944e4bd8c4794e35e26aecac2693aa386c476397a7db8,1024,1024,0.4078624080078962,0.2561728397357491,0.8645833334743923,0.2668810291746363
514,Amsterdam,116,60,MedSAM-LoRA,True,288,216,179,37,109,53a33d8a940fbebe5140f537e14357cf4e53660ad05f605bd2abb111b64eab3f,1024,1024,0.710317460374937,0.5507692309074556,0.6215277779091917,0.8287037037830075
514,Amsterdam,116,60,U-Net,True,288,382,234,148,54,53a33d8a940fbebe5140f537e14357cf4e53660ad05f605bd2abb111b64eab3f,1024,1024,0.6985074627315662,0.5366972478126841,0.812500000065104,0.6125654451276006
515,Amsterdam,116,61,MedSAM-LoRA,True,384,394,303,91,81,79cad53c1fdd430646b5ef8e2984259350be09440490f105b8314ded0acf8490,1024,1024,0.7789203085117069,0.637894736918338,0.7890625000549316,0.7690355330535443
515,Amsterdam,116,61,U-Net,True,384,371,293,78,91,79cad53c1fdd430646b5ef8e2984259350be09440490f105b8314ded0acf8490,1024,1024,0.7761589404269988,0.6341991342783119,0.7630208333950467,0.7897574124555911
516,Amsterdam,116,62,MedSAM-LoRA,True,688,673,515,158,173,8e8dede4cd7af2e747e9e012e65feb648a68d419371d4c7f7bf92af648fa2691,1024,1024,0.7567964731993537,0.6087470449635051,0.7485465116644554,0.7652303120705453
516,Amsterdam,116,62,U-Net,True,688,457,413,44,275,8e8dede4cd7af2e747e9e012e65feb648a68d419371d4c7f7bf92af648fa2691,1024,1024,0.7213973799369958,0.5642076503327585,0.600290697732516,0.9037199124937155
517,Amsterdam,116,63,MedSAM-LoRA,True,300,515,256,259,44,e89760b02537a6e5f8c2db93ea91058bbf8ab23fc0b4fe1b2f990cd79379c2db,1024,1024,0.6282208589413226,0.4579606441041216,0.8533333333822223,0.49708737873842973
517,Amsterdam,116,63,U-Net,True,300,504,285,219,15,e89760b02537a6e5f8c2db93ea91058bbf8ab23fc0b4fe1b2f990cd79379c2db,1024,1024,0.7089552239167966,0.5491329480637509,0.9500000000166666,0.5654761905624055
518,Amsterdam,116,64,MedSAM-LoRA,True,344,416,219,197,125,d285147d424c9ce54c59de147fcbd3a6f5850b3e5e43925889a416ac43d7fe0c,1024,1024,0.5763157895294322,0.40480591508229097,0.6366279070823756,0.5264423078061437
518,Amsterdam,116,64,U-Net,True,344,539,213,326,131,d285147d424c9ce54c59de147fcbd3a6f5850b3e5e43925889a416ac43d7fe0c,1024,1024,0.4824462061741284,0.31791044786299844,0.6191860466223296,0.39517625243132165
519,Amsterdam,116,65,MedSAM-LoRA,False,0,0,0,0,0,3d6aff2f550e45ca7bf08c1719e9ac3f0bfda23a437d7c60cc407186461df225,1024,1024,1.0,1.0,1.0,1.0
519,Amsterdam,116,65,U-Net,False,0,0,0,0,0,3d6aff2f550e45ca7bf08c1719e9ac3f0bfda23a437d7c60cc407186461df225,1024,1024,1.0,1.0,1.0,1.0
520,Amsterdam,116,66,MedSAM-LoRA,False,0,0,0,0,0,3d6aff2f550e45ca7bf08c1719e9ac3f0bfda23a437d7c60cc407186461df225,1024,1024,1.0,1.0,1.0,1.0
520,Amsterdam,116,66,U-Net,False,0,0,0,0,0,3d6aff2f550e45ca7bf08c1719e9ac3f0bfda23a437d7c60cc407186461df225,1024,1024,1.0,1.0,1.0,1.0
521,Amsterdam,116,67,MedSAM-LoRA,False,0,0,0,0,0,3d6aff2f550e45ca7bf08c1719e9ac3f0bfda23a437d7c60cc407186461df225,1024,1024,1.0,1.0,1.0,1.0
521,Amsterdam,116,67,U-Net,False,0,0,0,0,0,3d6aff2f550e45ca7bf08c1719e9ac3f0bfda23a437d7c60cc407186461df225,1024,1024,1.0,1.0,1.0,1.0
522,Amsterdam,116,68,MedSAM-LoRA,False,0,0,0,0,0,3d6aff2f550e45ca7bf08c1719e9ac3f0bfda23a437d7c60cc407186461df225,1024,1024,1.0,1.0,1.0,1.0
522,Amsterdam,116,68,U-Net,False,0,0,0,0,0,3d6aff2f550e45ca7bf08c1719e9ac3f0bfda23a437d7c60cc407186461df225,1024,1024,1.0,1.0,1.0,1.0
523,Amsterdam,116,69,MedSAM-LoRA,False,0,0,0,0,0,3d6aff2f550e45ca7bf08c1719e9ac3f0bfda23a437d7c60cc407186461df225,1024,1024,1.0,1.0,1.0,1.0
523,Amsterdam,116,69,U-Net,False,0,0,0,0,0,3d6aff2f550e45ca7bf08c1719e9ac3f0bfda23a437d7c60cc407186461df225,1024,1024,1.0,1.0,1.0,1.0
524,Amsterdam,116,70,MedSAM-LoRA,False,0,0,0,0,0,3d6aff2f550e45ca7bf08c1719e9ac3f0bfda23a437d7c60cc407186461df225,1024,1024,1.0,1.0,1.0,1.0
524,Amsterdam,116,70,U-Net,False,0,0,0,0,0,3d6aff2f550e45ca7bf08c1719e9ac3f0bfda23a437d7c60cc407186461df225,1024,1024,1.0,1.0,1.0,1.0
525,Amsterdam,116,71,MedSAM-LoRA,False,0,0,0,0,0,3d6aff2f550e45ca7bf08c1719e9ac3f0bfda23a437d7c60cc407186461df225,1024,1024,1.0,1.0,1.0,1.0
525,Amsterdam,116,71,U-Net,False,0,0,0,0,0,3d6aff2f550e45ca7bf08c1719e9ac3f0bfda23a437d7c60cc407186461df225,1024,1024,1.0,1.0,1.0,1.0
526,Amsterdam,116,72,MedSAM-LoRA,False,0,0,0,0,0,3d6aff2f550e45ca7bf08c1719e9ac3f0bfda23a437d7c60cc407186461df225,1024,1024,1.0,1.0,1.0,1.0
526,Amsterdam,116,72,U-Net,False,0,0,0,0,0,3d6aff2f550e45ca7bf08c1719e9ac3f0bfda23a437d7c60cc407186461df225,1024,1024,1.0,1.0,1.0,1.0
527,Amsterdam,116,73,MedSAM-LoRA,False,0,0,0,0,0,3d6aff2f550e45ca7bf08c1719e9ac3f0bfda23a437d7c60cc407186461df225,1024,1024,1.0,1.0,1.0,1.0
527,Amsterdam,116,73,U-Net,False,0,0,0,0,0,3d6aff2f550e45ca7bf08c1719e9ac3f0bfda23a437d7c60cc407186461df225,1024,1024,1.0,1.0,1.0,1.0
528,Amsterdam,116,74,MedSAM-LoRA,False,0,0,0,0,0,3d6aff2f550e45ca7bf08c1719e9ac3f0bfda23a437d7c60cc407186461df225,1024,1024,1.0,1.0,1.0,1.0
528,Amsterdam,116,74,U-Net,False,0,333,0,333,0,3d6aff2f550e45ca7bf08c1719e9ac3f0bfda23a437d7c60cc407186461df225,1024,1024,3.0030030021012e-10,3.0030030021012e-10,1.0,3.0030030021012e-10
529,Amsterdam,116,75,MedSAM-LoRA,False,0,0,0,0,0,3d6aff2f550e45ca7bf08c1719e9ac3f0bfda23a437d7c60cc407186461df225,1024,1024,1.0,1.0,1.0,1.0
529,Amsterdam,116,75,U-Net,False,0,347,0,347,0,3d6aff2f550e45ca7bf08c1719e9ac3f0bfda23a437d7c60cc407186461df225,1024,1024,2.8818443795729553e-10,2.8818443795729553e-10,1.0,2.8818443795729553e-10
530,Amsterdam,116,76,MedSAM-LoRA,False,0,0,0,0,0,3d6aff2f550e45ca7bf08c1719e9ac3f0bfda23a437d7c60cc407186461df225,1024,1024,1.0,1.0,1.0,1.0
530,Amsterdam,116,76,U-Net,False,0,353,0,353,0,3d6aff2f550e45ca7bf08c1719e9ac3f0bfda23a437d7c60cc407186461df225,1024,1024,2.832861188999189e-10,2.832861188999189e-10,1.0,2.832861188999189e-10
531,Amsterdam,116,77,MedSAM-LoRA,False,0,0,0,0,0,3d6aff2f550e45ca7bf08c1719e9ac3f0bfda23a437d7c60cc407186461df225,1024,1024,1.0,1.0,1.0,1.0
531,Amsterdam,116,77,U-Net,False,0,379,0,379,0,3d6aff2f550e45ca7bf08c1719e9ac3f0bfda23a437d7c60cc407186461df225,1024,1024,2.638522426744453e-10,2.638522426744453e-10,1.0,2.638522426744453e-10
532,Amsterdam,116,78,MedSAM-LoRA,False,0,0,0,0,0,3d6aff2f550e45ca7bf08c1719e9ac3f0bfda23a437d7c60cc407186461df225,1024,1024,1.0,1.0,1.0,1.0
532,Amsterdam,116,78,U-Net,False,0,339,0,339,0,3d6aff2f550e45ca7bf08c1719e9ac3f0bfda23a437d7c60cc407186461df225,1024,1024,2.9498525065044677e-10,2.9498525065044677e-10,1.0,2.9498525065044677e-10
533,Amsterdam,116,79,MedSAM-LoRA,False,0,0,0,0,0,3d6aff2f550e45ca7bf08c1719e9ac3f0bfda23a437d7c60cc407186461df225,1024,1024,1.0,1.0,1.0,1.0
533,Amsterdam,116,79,U-Net,False,0,149,0,149,0,3d6aff2f550e45ca7bf08c1719e9ac3f0bfda23a437d7c60cc407186461df225,1024,1024,6.711409391468853e-10,6.711409391468853e-10,1.0,6.711409391468853e-10
534,Amsterdam,116,80,MedSAM-LoRA,False,0,0,0,0,0,3d6aff2f550e45ca7bf08c1719e9ac3f0bfda23a437d7c60cc407186461df225,1024,1024,1.0,1.0,1.0,1.0
534,Amsterdam,116,80,U-Net,False,0,223,0,223,0,3d6aff2f550e45ca7bf08c1719e9ac3f0bfda23a437d7c60cc407186461df225,1024,1024,4.4843049307245266e-10,4.4843049307245266e-10,1.0,4.4843049307245266e-10
535,Amsterdam,116,81,MedSAM-LoRA,False,0,0,0,0,0,3d6aff2f550e45ca7bf08c1719e9ac3f0bfda23a437d7c60cc407186461df225,1024,1024,1.0,1.0,1.0,1.0
535,Amsterdam,116,81,U-Net,False,0,0,0,0,0,3d6aff2f550e45ca7bf08c1719e9ac3f0bfda23a437d7c60cc407186461df225,1024,1024,1.0,1.0,1.0,1.0
536,Amsterdam,116,82,MedSAM-LoRA,False,0,0,0,0,0,3d6aff2f550e45ca7bf08c1719e9ac3f0bfda23a437d7c60cc407186461df225,1024,1024,1.0,1.0,1.0,1.0
536,Amsterdam,116,82,U-Net,False,0,0,0,0,0,3d6aff2f550e45ca7bf08c1719e9ac3f0bfda23a437d7c60cc407186461df225,1024,1024,1.0,1.0,1.0,1.0
